期号,开奖日期,前区1,前区2,前区3,前区4,前区5,后区1,后区2,后区出球顺序1,后区出球顺序2,前区出球顺序1,前区出球顺序2,前区出球顺序3,前区出球顺序4,前区出球顺序5,奖池余额,本期销量,一等奖注数,一等奖单注奖金,二等奖注数,二等奖单注奖金
26108,2026-09-21,01,05,07,21,35,01,04,05,01,21,07,35,04,01,845758402,296206851,3,10000000,85,320463
26107,2026-09-19,02,05,07,14,22,04,10,22,05,14,02,07,04,10,831053727,313508185,3,10000000,77,264830
26106,2026-09-16,14,17,21,25,28,04,06,25,17,21,28,14,06,04,826970066,290236360,3,10000000,71,200438
26105,2026-09-14,10,14,30,33,34,09,12,33,10,14,34,30,09,12,797986461,290941792,3,9415460,48,339276
26104,2026-09-12,01,06,14,15,26,08,09,01,26,15,06,14,09,08,768328090,316250501,7,6952434,110,128072
26103,2026-09-09,03,16,17,32,35,02,12,32,35,03,16,17,12,02,763164025,296391996,3,10000000,68,241603
26102,2026-09-07,01,03,07,27,28,06,07,27,28,07,01,03,06,07,725321799,291295536,1,10000000,183,57598
26101,2026-09-05,09,11,18,26,33,09,11,11,18,33,09,26,09,11,692723356,315133456,10,5927001,167,81242
26100,2026-09-02,02,06,11,15,31,07,08,02,15,06,31,11,08,07,728785802,293430528,6,6733541,109,129804
26099,2026-08-31,02,17,20,29,33,08,09,17,29,33,02,20,09,08,728556727,295696198,4,8305500,98,144001
26098,2026-08-29,07,09,18,19,21,02,09,21,19,09,18,07,02,09,706544163,315878206,15,5050505,211,46996
26097,2026-08-26,03,10,12,20,25,01,09,20,03,25,12,10,01,09,762988475,296031159,7,6840926,152,84016
26096,2026-08-24,08,09,10,11,25,04,12,11,10,09,25,08,12,04,760346715,300992176,9,6561952,222,57893
26095,2026-08-22,04,06,08,10,14,04,05,06,10,04,14,08,04,05,801693149,323275140,6,7103866,200,60688
26094,2026-08-19,05,14,15,17,33,01,07,14,05,33,17,15,01,07,795085879,305764076,3,8380751,89,174914
26093,2026-08-17,08,10,22,26,29,03,10,29,08,22,10,26,03,10,772986652,301981951,10,5848781,165,48915
26092,2026-08-15,12,16,19,29,33,07,09,12,19,16,33,29,09,07,822403232,326419006,4,9601645,97,194094
26091,2026-08-12,03,04,07,12,32,01,02,04,32,07,12,03,01,02,835359281,303722394,3,10000000,65,343183
26090,2026-08-10,09,14,17,19,24,02,09,17,09,24,19,14,02,09,825721619,298321791,2,10000000,93,155846
26089,2026-08-08,03,07,12,14,26,05,11,26,14,07,12,03,05,11,817996545,326458125,3,9058951,150,97508
26088,2026-08-05,03,09,11,24,27,05,11,09,27,03,24,11,05,11,792266898,305815169,2,9662603,160,74485
26087,2026-08-03,05,10,16,24,27,04,10,27,16,24,05,10,04,10,768406558,306098479,9,6547013,172,82652
26086,2026-08-01,10,11,18,22,35,06,12,11,10,35,18,22,06,12,813207389,327985310,2,10000000,121,129265
26085,2026-07-29,03,04,14,28,31,05,07,31,03,14,04,28,05,07,804161465,302145325,2,10000000,94,149583
26084,2026-07-27,13,25,30,32,33,04,05,25,32,13,30,33,04,05,770490757,300483424,8,6621689,81,153450
26083,2026-07-25,14,15,16,23,26,07,09,15,16,23,26,14,09,07,772867559,316550987,8,7215569,135,119029
26082,2026-07-22,16,26,27,28,34,02,06,28,16,26,27,34,06,02,807119056,295623678,5,8286251,76,205390
26081,2026-07-20,08,16,18,24,34,09,12,16,34,08,18,24,12,09,784468403,301607097,5,8031396,125,110123
26080,2026-07-18,05,10,15,21,23,07,08,10,05,23,15,21,08,07,765513154,325550165,10,6006451,173,75312
26079,2026-07-15,06,08,23,26,27,05,12,26,23,06,27,08,05,12,794651243,301975334,5,6673829,111,79445
26078,2026-07-13,02,13,20,25,32,08,11,25,13,20,02,32,08,11,818797138,302935941,5,8216073,181,70136
26077,2026-07-11,04,14,19,24,27,06,07,04,14,24,19,27,07,06,797164073,318922356,2,9470883,141,74426
26076,2026-07-08,15,20,27,28,35,02,11,27,20,15,35,28,11,02,804904837,303115587,4,10000000,113,157623
26075,2026-07-06,01,06,16,18,26,04,10,06,18,01,26,16,10,04,814593833,295227167,3,10000000,89,173463
26074,2026-07-04,01,04,10,23,25,01,12,01,23,10,04,25,12,01,818314176,319733435,6,7752365,115,140052
26073,2026-07-01,04,10,22,23,33,02,12,23,33,04,22,10,02,12,798037522,306363724,6,8427733,129,160748
26072,2026-06-29,01,13,26,29,30,09,11,26,29,13,01,30,11,09,820383228,309759041,5,8484040,67,301895
26071,2026-06-27,05,13,22,26,32,02,03,05,13,26,22,32,02,03,844492276,332658791,1,10000000,179,123704
26070,2026-06-24,04,05,15,21,32,02,11,15,04,05,32,21,11,02,814894461,312722588,1,10000000,112,142147
26069,2026-06-22,12,19,21,24,29,03,10,29,12,21,24,19,03,10,757966457,312134107,8,7110906,98,201724
26068,2026-06-20,03,11,12,21,22,06,10,21,11,03,22,12,10,06,802145380,333899407,5,7366555,212,57893
26067,2026-06-17,06,16,18,19,28,07,11,28,18,16,06,19,07,11,791339917,322509643,6,7300268,158,79968
26066,2026-06-15,10,13,19,21,30,04,05,13,10,19,21,30,05,04,817519004,352461614,2,10000000,106,194605
26065,2026-06-13,04,11,12,13,25,04,08,25,11,13,12,04,08,04,802840285,361984211,6,7598219,189,77875
26064,2026-06-10,03,13,15,17,21,02,07,15,17,21,13,03,02,07,787631261,352495130,4,8286328,103,154532
26063,2026-06-08,03,15,20,29,31,01,12,03,15,29,20,31,12,01,762261291,353853854,5,7715951,79,274025
26062,2026-06-06,07,15,20,24,29,04,10,20,24,15,07,29,10,04,738675961,397538816,15,5747126,304,55984
26061,2026-06-03,10,12,26,31,35,02,12,26,31,10,35,12,12,02,807705563,354547009,4,10000000,114,160534
26060,2026-06-01,22,28,30,31,34,01,05,22,31,28,34,30,01,05,769160539,364299680,37,2645502,98,319459
26059,2026-05-30,06,13,17,19,26,07,08,17,26,19,06,13,08,07,818749861,373161795,3,10000000,269,56494
26058,2026-05-27,07,12,13,18,34,01,05,34,18,13,07,12,01,05,786536913,354634349,5,9961936,118,209761
26057,2026-05-25,23,25,26,27,34,04,10,26,34,27,25,23,10,04,801147297,341310042,4,9617059,158,113112
26056,2026-05-23,06,07,18,21,30,01,05,18,30,06,21,07,01,05,767589409,368991091,6,7155614,151,114339
26055,2026-05-20,09,10,20,33,35,04,11,09,35,20,33,10,04,11,757078646,348746645,4,10000000,83,232027
26054,2026-05-18,02,06,14,22,24,08,11,24,14,06,02,22,08,11,718927617,349381748,13,6280305,101,187940
26053,2026-05-16,02,09,14,20,31,05,09,09,31,14,02,20,05,09,738749152,374349995,14,4901960,133,97647
26052,2026-05-13,02,03,20,28,33,02,12,02,28,33,03,20,12,02,782179260,353399952,9,6295115,201,63296
26051,2026-05-11,13,18,28,32,33,02,11,33,28,13,32,18,02,11,799348751,355675446,4,9612284,135,137851
26050,2026-05-09,06,10,14,23,33,08,10,06,23,10,33,14,10,08,812279268,373660843,6,8052622,97,215818
26049,2026-05-06,01,06,14,15,17,02,03,01,15,06,17,14,02,03,786081563,298483726,6,7126897,69,183708
26048,2026-05-04,11,17,20,23,35,01,10,20,17,23,35,11,10,01,778139138,276914543,7,6806380,87,175445
26047,2026-05-02,09,20,21,23,28,06,11,28,23,20,21,09,11,06,776088008,301530437,5,7415209,97,139095
26046,2026-04-29,01,13,18,27,33,04,07,13,27,01,33,18,07,04,801117818,305905116,6,6930508,84,201825
26045,2026-04-27,01,15,21,26,33,04,07,21,33,15,01,26,04,07,795611859,309445116,7,6675078,86,181174
26044,2026-04-25,03,08,22,26,29,07,10,03,29,22,08,26,10,07,796949218,333443770,8,6329954,168,58053
26043,2026-04-22,08,12,14,19,22,11,12,22,12,14,08,19,11,12,835097420,308301370,1,10000000,86,169385
26042,2026-04-20,02,07,13,19,24,03,08,07,02,19,24,13,08,03,783361004,311873981,5,7688311,260,53840
26041,2026-04-18,24,25,27,29,34,02,06,24,27,25,29,34,02,06,804564900,342918690,6,8170700,94,230708
26040,2026-04-15,06,12,13,21,34,08,09,34,13,12,06,21,08,09,776038688,322412866,6,7492423,118,125628
26039,2026-04-13,09,11,20,26,27,06,09,27,11,09,26,20,06,09,760888094,321747230,11,5717710,175,50714
26038,2026-04-11,08,17,21,33,35,06,07,21,17,35,33,08,06,07,799997856,343632778,2,10000000,174,92288
26037,2026-04-08,07,12,13,28,32,06,08,07,28,32,13,12,08,06,756781635,324524682,5,8402519,133,119807
26036,2026-04-06,04,07,16,26,32,05,08,04,26,16,32,07,05,08,732445104,298882570,9,6291520,114,106441
26035,2026-04-04,02,22,30,33,34,08,12,02,30,34,22,33,08,12,744740092,324023066,11,6715340,91,180483
26034,2026-04-01,11,12,25,26,27,08,11,27,25,11,26,12,11,08,745020716,321281232,6,6785341,215,59275
26033,2026-03-30,03,05,07,09,18,02,10,07,03,18,05,09,10,02,743671788,319640788,12,5620374,250,29556
26032,2026-03-28,03,04,19,26,32,01,12,04,32,03,26,19,12,01,787204235,342713464,6,8149825,141,117451
26031,2026-03-25,06,08,22,29,34,05,07,34,29,06,22,08,05,07,762397267,321190415,9,7576500,82,285678
26030,2026-03-23,02,13,22,28,34,05,12,13,02,34,22,28,05,12,801741816,316922568,8,7605701,97,179985
26029,2026-03-21,03,05,17,33,35,05,07,35,33,03,17,05,05,07,834276729,337467964,6,7877022,144,115812
26028,2026-03-18,15,27,29,30,34,01,10,29,30,34,27,15,10,01,861344045,303460918,1,10000000,63,280368
26027,2026-03-16,09,10,11,12,16,01,11,16,12,09,11,10,01,11,799972392,307838475,7,6985349,166,86031
26026,2026-03-14,10,11,22,26,32,01,08,32,22,10,26,11,01,08,794063793,330044286,3,9638333,119,145339
26025,2026-03-11,03,15,24,28,29,03,07,24,29,28,15,03,03,07,761949362,299297449,10,5872341,147,62745
26024,2026-03-09,02,04,08,10,21,09,12,04,21,10,02,08,09,12,790603786,293616732,3,9889639,138,87504
26023,2026-03-07,09,25,26,27,28,01,08,27,26,25,09,28,08,01,763063925,323009849,6,7177297,109,138525
26022,2026-03-04,05,09,10,18,26,05,06,09,10,05,26,18,05,06,753076287,294728612,10,5746008,261,27678
26021,2026-03-02,05,08,12,14,17,04,05,05,17,08,12,14,05,04,783711295,291691198,7,6463717,161,73420
26020,2026-02-28,01,10,21,23,29,10,12,29,21,01,10,23,10,12,823831821,319278064,3,10000000,77,219344
26019,2026-02-25,12,13,14,16,31,04,12,12,13,14,31,16,12,04,780263624,356165890,8,7528120,72,275339
26018,2026-02-11,09,11,19,30,35,01,12,11,30,09,35,19,12,01,761611230,349431305,7,6692203,86,208790
26017,2026-02-09,04,05,10,23,31,07,12,05,31,10,04,23,07,12,762704025,314171855,6,7044236,104,141471
26016,2026-02-07,08,09,12,19,24,01,06,19,08,12,24,09,01,06,755649051,333666762,13,5925957,243,50303
26015,2026-02-04,01,04,10,13,17,03,11,10,04,13,17,01,03,11,829148795,310086553,4,9339920,98,175350
26014,2026-02-02,16,18,23,34,35,01,06,34,18,23,35,16,06,01,842732986,318884035,2,10000000,81,242159
26013,2026-01-31,03,05,06,23,26,01,04,05,26,23,06,03,01,04,782886373,350779828,10,6149358,409,26110
26012,2026-01-28,01,02,09,22,25,01,06,09,02,25,22,01,06,01,799554979,318917948,5,6986204,131,102374
26011,2026-01-26,14,21,23,29,33,02,10,33,29,14,23,21,02,10,793323030,312938804,3,10000000,74,238777
26010,2026-01-24,02,03,13,18,26,02,09,26,03,13,02,18,02,09,751872266,336186076,4,7802471,182,80971
26009,2026-01-21,05,12,13,14,33,05,08,12,13,33,14,05,05,08,734360129,302386708,5,7330817,144,81886
26008,2026-01-19,03,06,17,21,33,05,11,17,21,03,06,33,05,11,724155773,301922043,4,7691274,151,80101
26007,2026-01-17,01,03,13,20,26,03,10,13,01,20,03,26,03,10,710693230,333462560,18,5482790,213,47028
26006,2026-01-14,05,12,18,23,35,06,12,35,18,12,05,23,06,12,787011243,315815131,8,6674129,217,61900
26005,2026-01-12,02,04,16,23,35,06,11,16,23,02,04,35,06,11,788287446,311138123,8,7117857,77,200399
26004,2026-01-10,05,18,23,25,32,05,09,32,23,18,05,25,09,05,779153160,329175580,11,7203146,174,60927
26003,2026-01-07,02,09,11,15,16,02,04,02,09,11,15,16,02,04,829620750,299733101,7,8930618,122,117604
26002,2026-01-05,04,08,15,20,31,07,08,20,08,04,15,31,07,08,858169056,300101679,6,9775062,125,105467
26001,2026-01-03,07,09,23,27,32,02,08,32,27,07,09,23,08,02,875846392,309467020,13,6570234,193,48202
25150,2025-12-31,13,14,15,28,31,01,05,31,15,13,14,28,01,05,942601223,315770974,4,10000000,148,101123
25149,2025-12-29,24,26,30,31,32,05,12,24,31,32,26,30,05,12,921221227,293718026,1,10000000,77,220057
25148,2025-12-27,03,04,14,30,32,08,12,30,32,03,04,14,12,08,869158981,314824866,2,10000000,52,339083
25147,2025-12-24,06,16,21,25,33,07,08,06,25,16,33,21,08,07,816064823,290531842,1,10000000,85,182730
25146,2025-12-22,06,11,13,16,22,02,03,22,06,11,16,13,03,02,762703697,295258973,4,8749278,90,151069
25145,2025-12-20,05,07,20,22,25,04,05,20,25,07,22,05,05,04,739212071,318998515,12,6856186,169,80943
25144,2025-12-17,02,05,13,15,28,05,08,02,05,28,13,15,05,08,818422787,294039927,15,6101535,176,38680
25143,2025-12-15,03,04,18,24,29,07,12,24,03,29,18,04,07,12,891182916,292194189,2,10000000,90,153076
25142,2025-12-13,09,10,14,27,29,02,09,14,27,29,10,09,09,02,850180600,305166365,3,10000000,166,72919
25141,2025-12-10,04,09,24,28,29,02,10,24,09,04,29,28,02,10,830232368,293217299,6,9722298,80,178828
25140,2025-12-08,04,05,13,18,34,02,08,18,34,04,05,13,08,02,850018674,294883884,3,10000000,88,135097
25139,2025-12-06,08,18,22,30,35,01,04,22,08,18,35,30,04,01,830587732,319213811,4,9709642,63,276299
25138,2025-12-03,01,03,19,21,23,07,11,03,19,23,21,01,11,07,795955875,299205645,6,7222472,79,205985
25137,2025-12-01,07,08,09,11,22,05,11,11,08,09,07,22,05,11,784972571,306419813,7,6774667,185,64465
25136,2025-11-29,07,11,15,16,23,09,11,16,23,15,11,07,11,09,783829598,332166578,11,9163843,181,102716
25135,2025-11-26,02,10,16,28,32,01,07,10,02,32,16,28,07,01,813180323,310594999,5,7889103,127,118308
25134,2025-11-24,07,12,18,27,33,09,10,33,07,12,18,27,09,10,793585609,311134788,8,8817317,245,50171
25133,2025-11-22,04,11,23,27,35,07,11,23,27,11,35,04,11,07,818773870,337536466,9,9025594,90,179647
25132,2025-11-19,01,09,10,12,19,06,07,09,19,12,01,10,06,07,850074477,313565367,8,8610168,125,97627
25131,2025-11-17,03,08,25,29,32,09,12,08,29,25,03,32,09,12,878666212,312224838,3,10000000,134,102430
25130,2025-11-15,01,13,16,27,29,02,11,13,01,27,29,16,02,11,855509809,347978820,5,10000000,98,202925
25129,2025-11-12,03,09,14,28,35,02,04,35,09,28,03,14,02,04,826944600,327577708,3,10000000,86,179172
25128,2025-11-10,03,06,26,30,33,11,12,06,03,30,33,26,12,11,806116343,335180121,9,9682656,113,137766
25127,2025-11-08,04,05,19,28,29,05,08,28,04,05,19,29,05,08,827515757,353038355,36,5427642,284,22884
25126,2025-11-05,01,08,18,27,30,06,07,01,27,30,18,08,06,07,1033170236,333017418,8,8218910,134,106490
25125,2025-11-03,10,11,13,19,35,04,11,11,19,10,35,13,04,11,1071539155,333554750,4,10000000,116,145574
25124,2025-11-01,06,09,14,26,27,08,09,14,06,09,26,27,08,09,1062300760,367907521,18,6587901,211,50264
25123,2025-10-29,08,13,24,25,31,04,10,31,08,13,24,25,10,04,1136294713,333755324,9,10000000,145,116755
25122,2025-10-27,02,03,06,16,17,04,05,06,03,02,16,17,05,04,1153025367,332420638,9,8046946,119,126281
25121,2025-10-25,02,03,08,13,21,07,12,13,08,03,02,21,12,07,1201113534,356833346,10,9198484,114,150688
25120,2025-10-22,11,13,22,26,35,02,08,35,11,22,13,26,08,02,1229721100,325832725,8,9990487,113,132079
25119,2025-10-20,08,15,27,29,31,01,07,29,15,08,31,27,07,01,1247363714,319880731,3,10000000,83,194720
25118,2025-10-18,02,08,09,12,21,04,05,08,12,21,09,02,04,05,1209569201,319584678,4,10000000,188,68761
25117,2025-10-15,05,10,18,21,29,05,07,29,10,21,05,18,07,05,1200034223,302232387,12,7523798,249,49320
25116,2025-10-13,02,06,16,22,29,08,12,16,02,29,06,22,12,08,1245943636,298992508,0,0,122,113528
25115,2025-10-11,03,12,14,21,35,01,05,03,21,12,35,14,05,01,1188143074,330363634,3,10000000,79,233905
25114,2025-10-08,03,08,09,12,16,01,05,16,12,08,03,09,01,05,1144042317,286469363,8,8266633,110,101160
25113,2025-10-06,01,14,18,28,35,02,03,35,18,01,14,28,03,02,1174480897,302539540,14,8165613,82,193019
25112,2025-09-29,03,04,21,23,24,09,12,23,03,21,04,24,09,12,1222244291,319054991,7,10000000,113,165203
25111,2025-09-27,02,09,14,21,26,02,12,02,21,09,14,26,02,12,1227497634,331165537,5,10000000,152,101012
25110,2025-09-24,01,15,22,30,31,02,08,22,30,01,31,15,08,02,1216735503,299730589,6,10000000,101,147187
25109,2025-09-22,04,08,10,13,26,09,10,26,08,04,13,10,10,09,1212757053,313350591,3,10000000,157,95406
25108,2025-09-20,14,18,21,24,29,03,06,21,29,24,18,14,06,03,1188449971,341209503,6,10000000,125,122587
25107,2025-09-17,05,07,08,15,33,06,10,15,07,05,08,33,10,06,1185080983,314311008,7,10000000,111,115382
25106,2025-09-15,05,06,11,26,29,05,10,29,06,05,11,26,10,05,1199200033,314630148,12,7501830,136,93464
25105,2025-09-13,15,16,25,28,34,10,12,28,16,34,25,15,12,10,1251025275,341440186,3,10000000,75,280822
25104,2025-09-10,02,06,09,22,34,02,08,34,06,09,02,22,08,02,1199979893,315640944,4,10000000,95,170407
25103,2025-09-08,05,08,19,32,34,04,05,05,34,08,32,19,05,04,1180433357,310233728,4,10000000,162,85006
25102,2025-09-06,09,10,13,26,28,02,04,10,09,28,26,13,04,02,1157865480,336362587,1,10000000,100,174162
25101,2025-09-03,05,07,19,26,32,08,09,07,26,05,32,19,09,08,1106707324,307833370,9,8239676,141,91574
25100,2025-09-01,26,28,32,34,35,02,07,32,34,26,28,35,02,07,1140476606,313027593,2,10000000,82,208143
25099,2025-08-30,06,12,20,26,31,02,04,31,20,12,06,26,04,02,1089336924,333985688,12,7989550,301,43436
25098,2025-08-27,01,07,09,10,23,10,12,07,09,10,23,01,12,10,1129247143,308524554,1,10000000,88,169934
25097,2025-08-25,05,24,25,32,34,01,09,25,32,05,34,24,09,01,1077551661,310927488,3,10000000,63,281700
25096,2025-08-23,02,11,17,22,24,07,09,24,22,02,17,11,07,09,1040644815,332437847,12,7695748,223,51758
25095,2025-08-20,07,13,14,19,27,06,10,13,19,14,07,27,10,06,1082529387,305061816,8,8079377,201,54829
25094,2025-08-18,04,09,17,30,33,05,09,30,09,33,17,04,05,09,1116595093,307470270,13,8274828,176,70315
25093,2025-08-16,01,07,09,16,30,02,05,16,09,01,07,30,05,02,1157754344,330705608,6,10000000,126,108929
25092,2025-08-13,04,10,17,25,32,05,07,10,04,25,32,17,05,07,1153953579,305765437,14,6332890,216,55809
25091,2025-08-11,01,19,22,25,27,03,10,25,27,01,22,19,10,03,1254338103,307088100,2,10000000,49,362728
25090,2025-08-09,06,14,19,22,27,01,04,06,19,14,22,27,04,01,1200005188,331564816,7,9645715,221,59626
25089,2025-08-06,02,11,12,32,34,03,10,32,02,34,12,11,10,03,1218712702,301829705,68,5572232,170,87488
25088,2025-08-04,08,09,10,11,35,05,11,35,10,09,11,08,11,05,1540665716,298062525,9,7817069,158,72241
25087,2025-08-02,05,13,14,16,20,03,08,20,05,16,13,14,08,03,1579681545,315319154,14,6980988,149,78989
25086,2025-07-30,02,06,23,24,33,01,10,02,33,06,23,24,01,10,1646600667,295578823,2,10000000,45,379316
25085,2025-07-28,02,05,09,14,33,04,09,33,02,05,14,09,04,09,1595323742,294227352,25,5907764,71,217226
25084,2025-07-26,09,11,13,18,29,04,11,29,13,18,11,09,04,11,1790261423,315027700,3,10000000,89,148783
25083,2025-07-23,12,17,18,20,34,02,05,17,18,34,20,12,05,02,1769075337,296169217,3,10000000,98,145052
25082,2025-07-21,02,03,04,12,26,01,08,26,04,02,12,03,01,08,1735099174,296090839,4,10000000,112,110917
25081,2025-07-19,01,04,06,15,18,02,03,01,04,15,18,06,03,02,1745616944,321712458,5,10000000,75,229037
25080,2025-07-16,09,10,18,22,24,03,12,22,18,24,09,10,03,12,1723670049,299028201,2,10000000,132,101935
25079,2025-07-14,02,14,32,34,35,05,11,34,32,02,35,14,11,05,1685844586,300459382,3,10000000,42,387849
25078,2025-07-12,07,10,15,21,24,05,06,24,10,07,15,21,06,05,1653989426,322049886,5,10000000,193,66462
25077,2025-07-09,12,14,16,19,28,01,04,19,12,14,28,16,04,01,1664896849,302633813,2,10000000,61,297434
25076,2025-07-07,11,18,22,25,29,04,12,22,25,29,11,18,12,04,1612133474,306337461,7,10000000,122,124331
25075,2025-07-05,08,12,16,19,35,06,09,12,35,08,16,19,06,09,1627185578,327099927,9,8126105,142,86993
25074,2025-07-02,02,11,15,18,21,05,10,11,18,02,15,21,10,05,1661629014,304472528,10,8367964,80,163981
25073,2025-06-30,01,04,17,33,34,03,09,01,17,04,34,33,03,09,1695259566,306793454,11,7635760,158,76908
25072,2025-06-28,04,07,15,24,29,01,04,07,04,15,24,29,04,01,1739661640,337329044,6,10000000,131,125166
25071,2025-06-25,01,08,25,31,33,05,11,08,01,25,31,33,05,11,1743326978,313848778,3,10000000,65,211711
25070,2025-06-23,08,09,15,20,22,04,12,22,09,08,20,15,12,04,1718532211,312961169,2,10000000,112,123539
25069,2025-06-21,04,06,07,33,34,09,10,07,04,33,06,34,10,09,1677561945,338663590,3,10000000,71,269001
25068,2025-06-18,01,04,17,20,22,04,10,20,04,01,17,22,10,04,1628402089,318966997,2,10000000,98,159002
25067,2025-06-16,06,10,12,21,22,01,06,12,22,06,21,10,01,06,1588528359,321766533,5,10000000,156,101197
25066,2025-06-14,15,18,27,28,34,03,06,34,27,15,28,18,03,06,1579075869,339059066,3,10000000,95,178917
25065,2025-06-11,07,25,32,33,35,04,09,33,25,35,32,07,09,04,1539171327,322427160,4,10000000,103,123549
25064,2025-06-09,05,10,18,20,34,01,08,20,18,10,34,05,01,08,1534694449,328463659,2,10000000,107,160826
25063,2025-06-07,05,18,26,29,32,07,10,05,29,32,18,26,07,10,1482278557,353640087,11,7822918,102,122650
25062,2025-06-04,14,20,27,28,29,06,10,20,28,27,29,14,10,06,1525360041,331453922,3,10000000,104,172762
25061,2025-06-02,02,11,16,23,28,05,10,28,02,16,23,11,05,10,1489857621,326041766,10,8139831,141,99022
25060,2025-05-31,12,14,19,33,34,01,07,34,12,19,33,14,01,07,1530054632,344759819,2,10000000,97,205497
25059,2025-05-28,03,09,10,11,26,01,02,26,10,11,09,03,01,02,1472810541,330253002,4,10000000,165,81352
25058,2025-05-26,06,11,15,21,23,01,07,21,11,23,15,06,07,01,1457374217,337041717,3,10000000,147,119413
25057,2025-05-24,09,10,11,12,29,01,10,12,10,29,11,09,10,01,1415654588,379533383,4,10000000,191,100021
25056,2025-05-21,12,15,28,29,32,08,11,29,32,15,28,12,11,08,1375155244,354948673,2,10000000,109,158329
25055,2025-05-19,08,10,25,29,30,01,02,25,29,08,10,30,01,02,1329842896,373248241,6,10000000,110,194591
25054,2025-05-17,03,12,16,21,29,01,02,29,16,03,12,21,02,01,1305673257,400498726,6,10000000,143,157222
25053,2025-05-14,14,23,29,30,33,06,12,23,29,14,33,30,12,06,1281475209,378116432,7,10000000,88,238046
25052,2025-05-12,02,04,11,29,30,02,08,04,29,30,02,11,08,02,1261675356,384489687,3,10000000,218,85037
25051,2025-05-10,02,04,13,29,31,05,12,13,29,31,04,02,05,12,1208341380,402596942,5,10000000,156,89634
25050,2025-05-07,15,18,20,21,34,04,10,18,21,34,20,15,10,04,1220697850,380353203,7,10000000,137,113717
25049,2025-05-05,09,20,22,29,34,03,08,34,29,22,20,09,08,03,1233463084,350534405,10,9368639,78,227748
25048,2025-05-03,02,06,17,23,35,06,11,35,17,23,06,02,06,11,1258998703,364105069,2,10000000,126,140526
25047,2025-04-30,03,10,11,12,21,02,03,03,21,12,11,10,02,03,1202271493,367385544,9,10000000,167,105515
25046,2025-04-28,04,10,15,20,34,04,07,04,34,15,10,20,07,04,1213336580,367246953,4,10000000,110,123790
25045,2025-04-26,08,11,21,23,27,03,08,21,11,27,08,23,08,03,1207089477,394950774,10,9199763,140,126988
25044,2025-04-23,15,17,21,22,26,02,08,15,17,26,21,22,02,08,1237807812,368611600,4,10000000,132,123720
25043,2025-04-21,03,16,20,21,27,09,11,20,03,21,16,27,09,11,1212466180,362168053,2,10000000,143,132632
25042,2025-04-19,06,08,11,18,20,05,11,20,08,18,06,11,11,05,1157421361,391234678,2,10000000,164,105826
25041,2025-04-16,03,04,21,22,27,05,11,21,27,04,22,03,05,11,1110680827,372136085,8,8448564,109,128409
25040,2025-04-14,02,08,16,31,32,04,12,31,32,16,02,08,12,04,1147506477,365388846,4,10000000,154,100484
25039,2025-04-12,03,07,14,15,19,06,10,07,14,19,15,03,10,06,1128975871,380283087,4,10000000,99,192059
25038,2025-04-09,07,08,20,26,34,08,09,26,34,07,20,08,08,09,1098668135,367355129,4,10000000,145,106912
25037,2025-04-07,05,20,23,27,31,04,06,31,20,23,27,05,06,04,1078059212,302429281,3,10000000,78,202241
25036,2025-04-05,04,07,13,27,30,02,06,07,30,04,13,27,06,02,1044099471,303323074,4,10000000,87,162675
25035,2025-04-02,22,25,28,29,30,04,08,30,22,25,28,29,04,08,1034539140,290834566,6,10000000,85,167168
25034,2025-03-31,04,15,22,28,33,06,08,15,28,04,33,22,06,08,1046884586,291102580,12,6578028,143,81044
25033,2025-03-29,01,02,08,10,33,10,12,08,02,01,33,10,10,12,1132503712,312033249,3,10000000,107,144899
25032,2025-03-26,12,22,25,27,28,01,02,22,28,27,25,12,02,01,1094382586,303333312,0,0,62,261176
25031,2025-03-24,14,18,20,25,35,01,07,18,35,20,14,25,07,01,1024377872,311643171,4,10000000,72,247703
25030,2025-03-22,03,09,14,24,28,06,07,14,09,28,24,03,06,07,995094280,338162194,9,7699188,178,72009
25029,2025-03-19,05,09,26,31,33,03,10,09,31,33,26,05,10,03,1043234947,314474524,2,10000000,144,100702
25028,2025-03-17,06,08,20,25,29,03,07,06,29,25,08,20,07,03,1006966152,313737340,7,8904156,103,127524
25027,2025-03-15,03,06,11,13,20,01,11,20,11,06,13,03,11,01,1035665607,333487900,8,10000000,117,151904
25026,2025-03-12,02,03,07,17,30,01,09,30,03,07,17,02,09,01,1039296516,313696373,1,10000000,80,161515
25025,2025-03-10,03,06,08,10,25,03,07,03,25,06,10,08,03,07,993864523,313678335,7,7559158,137,75409
25024,2025-03-08,06,12,13,16,23,05,08,12,06,13,23,16,08,05,1035953603,331854703,14,6364847,132,65034
25023,2025-03-05,10,20,22,24,25,09,12,24,20,25,10,22,12,09,1115584483,302766777,4,10000000,93,178006
25022,2025-03-03,01,11,13,27,29,04,10,11,29,13,01,27,10,04,1103298037,298217183,7,9280845,102,115866
25021,2025-03-01,10,18,25,30,35,03,12,25,10,35,30,18,12,03,1123599303,335200766,7,10000000,115,117927
25020,2025-02-26,01,09,12,22,29,05,09,01,22,09,29,12,09,05,1132471892,300087089,8,8494966,146,67527
25019,2025-02-24,07,08,11,18,23,03,11,07,08,11,18,23,03,11,1159248699,296357549,7,8207321,199,56096
25018,2025-02-22,01,07,09,20,28,01,04,20,07,09,28,01,04,01,1191928481,314802603,16,7273028,84,182563
25017,2025-02-19,10,12,26,28,31,03,10,28,31,26,10,12,03,10,1260507193,288044955,1,10000000,93,144416
25016,2025-02-17,05,07,12,20,29,08,12,05,29,07,20,12,12,08,1212239218,288272949,12,6900770,157,87391
25015,2025-02-15,07,10,24,31,35,01,08,24,31,07,10,35,08,01,1290950588,314676590,4,10000000,84,178523
25014,2025-02-12,05,19,22,29,35,02,10,29,05,19,22,35,10,02,1278086019,289867311,4,10000000,128,106474
25013,2025-02-10,14,16,18,20,35,02,05,14,20,18,35,16,02,05,1260404089,289136668,5,10000000,81,201895
25012,2025-02-08,02,18,19,21,25,02,11,25,02,21,19,18,02,11,1240397718,358739098,2,10000000,97,183282
25011,2025-01-25,03,06,07,11,27,02,08,07,11,06,27,03,02,08,1183329141,373437138,5,9667253,163,65086
25010,2025-01-22,05,21,28,30,32,07,12,32,28,21,05,30,07,12,1197169901,314170042,6,10000000,86,171799
25009,2025-01-20,03,19,21,30,32,06,09,21,30,03,32,19,06,09,1207630140,308814993,5,10000000,126,108815
25008,2025-01-18,01,05,07,13,35,05,12,07,13,01,35,05,05,12,1208994728,336989378,7,10000000,132,94439
25007,2025-01-15,15,22,23,25,31,01,09,15,22,31,23,25,01,09,1221403982,311942681,1,10000000,70,271022
25006,2025-01-13,03,04,13,19,35,03,10,03,35,04,13,19,10,03,1157222668,315397229,4,10000000,104,141473
25005,2025-01-11,05,06,08,31,32,09,11,06,32,05,08,31,09,11,1135025880,313119385,4,9839697,212,54953
25004,2025-01-08,02,05,09,13,33,01,07,09,13,33,02,05,07,01,1149680405,294103605,3,10000000,102,138323
25003,2025-01-06,10,25,30,32,34,04,10,10,30,25,34,32,10,04,1125887685,302634553,1,10000000,46,385970
25002,2025-01-04,19,21,22,28,32,06,09,19,21,28,32,22,06,09,1059802299,328380460,7,8977032,90,140909
25001,2025-01-01,05,08,16,17,27,04,07,16,17,27,08,05,07,04,1083648909,300925149,12,7654708,162,62463
24152,2024-12-30,01,02,07,08,31,02,10,07,01,02,31,08,10,02,1125809265,303398169,3,10000000,145,113095
24151,2024-12-28,05,12,17,19,35,10,11,12,17,05,19,35,10,11,1100535289,315044922,5,10000000,109,146038
24150,2024-12-25,04,11,23,25,34,05,07,04,34,23,11,25,05,07,1082499928,294938543,2,10000000,146,85346
24149,2024-12-23,02,05,16,18,22,07,09,22,02,16,05,18,09,07,1046459747,293475449,3,10000000,108,110866
24148,2024-12-21,06,09,20,32,35,08,11,32,20,09,06,35,08,11,1027404435,319089575,2,10000000,119,109466
24147,2024-12-18,12,18,21,22,31,01,07,22,31,12,21,18,01,07,981658901,297698975,0,0,75,223695
24146,2024-12-16,05,20,21,22,32,03,04,20,21,22,05,32,03,04,912659139,296215559,6,9555674,125,106831
24145,2024-12-14,01,06,09,22,24,01,03,22,01,09,24,06,01,03,931270188,320626163,4,10000000,95,174535
24144,2024-12-11,06,07,08,21,30,01,05,30,08,06,07,21,01,05,901592546,298735511,4,10000000,119,119813
24143,2024-12-09,16,20,22,24,31,04,05,24,22,16,20,31,05,04,887487585,299228472,6,9370240,144,80121
24142,2024-12-07,08,21,24,33,34,03,10,21,24,33,08,34,10,03,908929975,327282822,13,6849783,88,112528
24141,2024-12-04,02,06,07,16,20,02,11,07,16,02,20,06,02,11,966806148,302351348,7,8545200,154,71205
24140,2024-12-02,03,06,15,23,31,01,12,23,03,15,06,31,01,12,992732460,313586274,4,10000000,112,128171
24139,2024-11-30,05,12,20,23,24,05,07,24,20,23,12,05,07,05,965113949,346398503,9,8236640,160,105433
24138,2024-11-27,05,17,20,28,34,04,09,17,20,28,34,05,09,04,1009101191,314640260,3,10000000,79,190337
24137,2024-11-25,08,15,16,17,21,02,05,16,17,21,15,08,05,02,987311038,314223012,3,10000000,119,104452
24136,2024-11-23,01,17,20,29,34,07,08,29,17,01,34,20,08,07,975020596,339548742,1,10000000,105,165661
24135,2024-11-20,06,08,22,24,30,03,08,06,24,08,30,22,03,08,908783183,312278951,11,7341497,290,39797
24134,2024-11-18,01,04,07,13,33,05,06,04,13,01,07,33,05,06,961163598,315446181,4,10000000,123,112009
24133,2024-11-16,08,10,14,22,29,04,06,10,08,22,29,14,04,06,939926813,340137954,6,10000000,105,148951
24132,2024-11-13,05,06,10,16,31,06,09,06,10,31,16,05,09,06,940646991,313339293,6,9953712,86,140888
24131,2024-11-11,02,03,04,21,26,02,03,02,03,04,21,26,02,03,955783254,314078746,10,8892360,86,181338
24130,2024-11-09,11,21,25,31,32,04,10,32,31,25,21,11,10,04,986242258,324915160,6,10000000,113,132321
24129,2024-11-06,07,19,30,31,34,05,07,31,19,34,30,07,05,07,998345494,293942499,3,10000000,78,181532
24128,2024-11-04,03,07,10,29,31,01,03,03,29,31,10,07,01,03,966301155,295772015,2,10000000,75,214022
24127,2024-11-02,02,03,10,16,28,07,10,28,03,10,02,16,07,10,924642774,320316369,4,10000000,146,107175
24126,2024-10-30,02,10,17,28,34,07,08,02,10,34,28,17,08,07,905005034,294045224,5,10000000,112,122664
24125,2024-10-28,10,14,19,24,26,01,10,10,24,26,14,19,01,10,892379302,287673530,3,10000000,77,202295
24124,2024-10-26,02,03,07,10,25,01,11,10,03,25,02,07,01,11,858545810,305128586,5,10000000,93,148884
24123,2024-10-23,03,09,16,30,31,08,09,09,16,30,31,03,09,08,852251926,283405074,7,9140228,200,53660
24122,2024-10-21,05,06,09,15,17,03,10,09,15,06,17,05,03,10,873167406,280871730,2,10000000,163,67642
24121,2024-10-19,07,15,18,24,33,04,05,24,33,15,07,18,05,04,853826236,292563058,12,7033857,168,76309
24120,2024-10-16,04,12,17,23,27,02,08,12,27,04,23,17,08,02,921780534,280844941,7,9594830,146,82997
24119,2024-10-14,06,12,28,30,33,02,07,33,30,06,28,12,07,02,940710313,278151059,7,9881541,71,174879
24118,2024-10-12,01,03,09,16,19,05,11,09,16,01,19,03,05,11,958387739,300619285,15,6673506,351,24262
24117,2024-10-09,02,10,22,26,28,02,04,02,28,26,22,10,02,04,1025830819,279087954,4,9706493,177,61759
24116,2024-10-07,01,03,06,16,25,01,11,03,01,25,06,16,11,01,1040962747,263019108,1,10000000,66,203919
24115,2024-10-05,03,04,12,19,24,08,12,03,12,19,04,24,12,08,988785696,243348471,8,7465766,128,95071
24114,2024-09-30,12,27,30,34,35,05,11,30,34,27,12,35,05,11,1038006419,290854587,3,10000000,77,190925
24113,2024-09-28,16,18,25,26,33,04,08,16,33,18,25,26,08,04,1008302191,317006955,5,10000000,122,90958
24112,2024-09-25,05,15,24,31,34,03,10,15,31,24,05,34,10,03,1014832820,283593275,1,10000000,81,157205
24111,2024-09-23,03,09,19,27,30,07,11,09,03,27,30,19,11,07,966755237,280484335,15,6071953,249,32920
24110,2024-09-21,01,07,08,18,28,04,12,28,01,18,08,07,04,12,1060908945,307601707,2,10000000,191,53245
24109,2024-09-18,12,23,26,27,28,03,11,28,23,27,26,12,03,11,1040316851,282500167,3,10000000,96,144071
24108,2024-09-16,16,17,21,31,34,03,08,21,31,34,16,17,03,08,1012698647,270720268,7,9949930,37,391432
24107,2024-09-14,06,14,16,18,34,03,10,34,16,18,06,14,03,10,1030077351,303292855,4,10000000,135,106428
24106,2024-09-11,05,11,19,22,29,02,12,05,22,29,19,11,02,12,1014306626,283352466,9,7381712,160,71734
24105,2024-09-09,14,20,21,28,32,09,11,32,14,20,21,28,09,11,1064900748,281222334,2,10000000,70,217870
24104,2024-09-07,01,04,09,13,17,06,09,01,09,04,13,17,09,06,1026470045,303918306,3,10000000,105,128495
24103,2024-09-04,19,21,29,32,33,06,08,29,19,21,33,32,06,08,1003149772,285358461,5,10000000,76,183185
24102,2024-09-02,01,05,09,14,20,05,11,14,20,01,09,05,05,11,991319514,286610488,2,10000000,150,78865
24101,2024-08-31,16,19,22,27,35,06,10,27,16,22,35,19,06,10,960205928,296382861,0,0,63,240725
24100,2024-08-28,02,12,19,22,32,05,11,02,19,22,12,32,11,05,894146459,278077493,6,9951022,144,89979
24099,2024-08-26,04,10,24,31,35,05,08,04,31,10,24,35,08,05,911074907,276604624,4,10000000,36,386908
24098,2024-08-24,03,10,15,19,29,09,10,10,29,15,03,19,09,10,904522393,298358972,6,9380836,135,88093
24097,2024-08-21,07,11,12,14,19,02,08,14,12,19,07,11,02,08,925914937,275862263,5,10000000,76,148425
24096,2024-08-19,02,03,23,27,31,01,10,31,02,03,23,27,01,10,928765334,274611467,5,10000000,123,110523
24095,2024-08-17,01,07,19,26,27,03,05,01,27,07,19,26,05,03,942654791,292394451,3,10000000,98,114170
24094,2024-08-14,12,13,24,29,31,02,08,31,12,29,24,13,08,02,921004006,268381009,6,10000000,93,149808
24093,2024-08-12,16,24,26,28,29,08,12,16,29,28,26,24,08,12,933160955,267469695,2,10000000,73,160783
24092,2024-08-10,02,04,25,26,31,01,06,25,02,26,31,04,01,06,896954081,291452049,2,10000000,89,161478
24091,2024-08-07,01,08,11,17,21,01,02,21,08,01,11,17,02,01,853175802,275909984,7,9748244,99,129951
24090,2024-08-05,02,03,06,28,33,07,11,33,02,06,28,03,11,07,871435469,272808891,6,10000000,82,180349
24089,2024-08-03,05,06,29,30,34,07,08,34,05,29,30,06,08,07,883749233,295210405,9,7163757,127,78297
24088,2024-07-31,01,02,23,28,32,03,05,23,01,02,32,28,03,05,936027718,275758279,1,10000000,47,283766
24087,2024-07-29,07,10,20,28,34,05,10,28,34,20,07,10,05,10,878620335,270914474,5,9672418,75,155962
24086,2024-07-27,11,12,14,22,28,07,11,11,14,22,28,12,07,11,894351076,289812124,4,10000000,85,144025
24085,2024-07-24,02,09,16,29,35,01,06,09,29,35,16,02,01,06,884649054,272997715,2,10000000,133,100556
24084,2024-07-22,04,11,16,17,23,05,10,11,17,04,23,16,10,05,843256869,273725306,7,9606887,69,179261
24083,2024-07-20,09,11,12,13,30,07,09,11,13,12,09,30,09,07,862133985,286958348,30,5386805,230,24313
24082,2024-07-17,08,21,23,24,26,04,05,26,08,21,24,23,04,05,1063036330,267432531,3,10000000,211,69411
24081,2024-07-15,14,15,25,27,34,01,10,34,27,15,25,14,01,10,1046747917,272829311,3,10000000,80,175312
24080,2024-07-13,03,05,24,27,28,09,11,27,24,28,03,05,09,11,1020105407,291094012,3,10000000,69,220379
24079,2024-07-10,03,08,17,18,23,06,11,08,23,03,18,17,11,06,991691070,268730382,6,9403336,158,62028
24078,2024-07-08,05,07,10,14,15,04,07,10,07,05,15,14,07,04,1008923163,268900803,6,8221379,115,87283
24077,2024-07-06,01,03,25,26,29,06,12,29,26,03,01,25,12,06,1038326614,290800928,3,10000000,89,156312
24076,2024-07-03,01,06,22,27,35,07,12,22,35,27,06,01,07,12,1020815446,267258235,5,10000000,86,125651
24075,2024-07-01,08,17,26,28,32,01,10,26,32,28,17,08,10,01,1018960254,271990488,2,10000000,71,179582
24074,2024-06-29,02,10,11,21,27,09,11,11,21,10,02,27,11,09,982548557,299903507,5,10000000,149,89477
24073,2024-06-26,07,09,12,21,23,05,09,12,07,23,21,09,05,09,975514513,274592514,5,10000000,144,73811
24072,2024-06-24,04,17,21,23,32,01,06,21,23,17,04,32,01,06,983268733,277834690,0,0,50,299976
24071,2024-06-22,06,10,15,34,35,02,10,35,06,34,10,15,10,02,915626815,299309419,1,10000000,73,208366
24070,2024-06-19,04,20,21,32,34,02,09,21,04,20,34,32,02,09,853967599,285815574,5,10000000,71,191527
24069,2024-06-17,07,09,16,20,24,03,07,16,07,20,09,24,07,03,861827969,283229251,4,10000000,209,46671
24068,2024-06-15,15,20,31,32,33,05,10,33,32,15,20,31,05,10,856579360,309548443,8,8633190,93,143076
24067,2024-06-12,03,11,14,20,22,06,09,20,03,14,11,22,06,09,887419661,284089108,6,8434472,216,44822
24066,2024-06-10,13,19,20,24,25,06,07,25,24,13,20,19,06,07,913263901,273100690,5,10000000,153,73056
24065,2024-06-08,05,10,18,26,27,03,06,10,18,26,27,05,03,06,921687696,309719434,11,8094947,360,41325
24064,2024-06-05,05,12,21,32,33,08,09,21,32,05,12,33,09,08,962849743,288277616,6,10000000,121,109189
24063,2024-06-03,07,12,16,33,34,01,03,12,33,07,16,34,03,01,973735264,292831289,10,7845807,52,290678
24062,2024-06-01,05,14,15,16,33,03,05,16,33,14,15,05,03,05,1026874292,315884493,4,10000000,78,187908
24061,2024-05-29,01,12,19,31,33,05,08,31,19,12,01,33,08,05,1010655904,299445616,2,10000000,70,191462
24060,2024-05-27,03,21,25,28,30,01,12,30,21,25,28,03,12,01,972277348,296628686,2,10000000,67,249663
24059,2024-05-25,17,18,20,25,31,03,12,25,20,17,18,31,12,03,931975708,324880212,2,10000000,79,210693
24058,2024-05-22,06,10,13,20,32,01,02,20,32,10,06,13,01,02,870850888,309602010,0,0,80,194302
24057,2024-05-20,09,25,30,33,34,03,09,25,30,34,09,33,03,09,800308581,318410232,13,8286191,64,226747
24056,2024-05-18,16,17,18,27,35,06,12,18,17,35,27,16,06,12,843912893,336018142,6,9728340,120,109224
24055,2024-05-15,07,17,22,30,34,05,07,22,34,30,07,17,05,07,863670781,317431264,3,10000000,62,221453
24054,2024-05-13,05,06,09,11,22,01,03,22,09,05,06,11,01,03,832891426,320575371,5,10000000,176,76457
24053,2024-05-11,01,07,19,20,35,03,09,19,07,35,20,01,09,03,830363706,336156975,14,7105231,293,37147
24052,2024-05-08,02,03,13,22,34,04,08,03,22,13,02,34,04,08,889972405,310107521,3,10000000,84,167577
24051,2024-05-06,05,21,22,23,29,01,02,05,23,29,22,21,02,01,873151022,315085775,2,10000000,84,178405
24050,2024-05-04,03,04,14,18,26,07,09,26,18,14,04,03,09,07,815223577,317239170,5,7763994,165,68402
24049,2024-05-01,04,06,09,10,22,01,08,06,09,04,22,10,01,08,797733182,314130981,4,7782365,92,136026
24048,2024-04-29,12,18,21,26,28,08,09,26,18,28,21,12,09,08,778092485,334634953,6,6699387,116,95120
24047,2024-04-27,11,19,21,26,35,10,11,21,19,11,35,26,11,10,778752831,359497689,1,10000000,140,102166
24046,2024-04-24,06,12,17,29,30,07,11,06,12,30,17,29,11,07,719960456,339369342,21,6357343,171,68859
24045,2024-04-22,09,10,14,31,32,03,08,32,09,31,10,14,08,03,849701016,340035744,11,7959250,245,53044
24044,2024-04-20,03,13,15,17,22,06,10,17,15,03,22,13,06,10,899843308,363290238,7,10000000,71,234449
24043,2024-04-17,03,04,08,14,27,05,07,08,04,03,14,27,07,05,913546495,337646989,5,10000000,93,149543
24042,2024-04-15,01,08,15,23,35,05,12,35,08,15,23,01,05,12,922909347,347841577,3,10000000,84,207584
24041,2024-04-13,06,08,14,16,28,03,05,08,16,28,14,06,03,05,876124218,370223535,10,9149915,166,89598
24040,2024-04-10,05,12,16,29,30,03,06,05,29,30,12,16,03,06,907166366,350033896,7,9689751,123,114513
24039,2024-04-08,03,10,11,20,22,06,10,03,20,11,10,22,10,06,931378506,349193612,5,10000000,133,113233
24038,2024-04-06,15,22,24,25,29,01,05,25,15,29,22,24,01,05,911253519,364876225,7,10000000,85,209195
24037,2024-04-03,17,19,20,29,35,07,11,17,35,29,19,20,07,11,927354950,343086982,5,10000000,62,215860
24036,2024-04-01,02,05,11,32,34,06,10,02,11,05,34,32,10,06,918965534,353073460,5,10000000,77,203395
24035,2024-03-30,05,13,17,29,33,05,12,17,29,05,33,13,12,05,926324125,382184067,5,10000000,85,212457
24034,2024-03-27,23,26,27,29,33,05,08,29,26,27,33,23,05,08,912961631,359904179,5,10000000,101,135025
24033,2024-03-25,04,08,10,11,15,07,09,10,11,15,04,08,09,07,921716263,356750334,3,10000000,93,155489
24032,2024-03-23,05,15,26,33,35,01,09,05,26,33,35,15,09,01,891308930,390395258,4,10000000,84,196472
24031,2024-03-20,09,12,15,30,34,05,06,15,34,09,30,12,06,05,863917070,372883742,2,10000000,63,315168
24030,2024-03-18,08,09,11,19,30,06,12,08,11,09,19,30,06,12,802701826,368415603,5,10000000,173,76092
24029,2024-03-16,04,19,24,28,34,04,05,19,24,28,34,04,05,04,815798946,321907209,3,8132033,108,135996
24028,2024-03-13,13,18,20,26,28,04,08,20,18,28,26,13,04,08,793751297,290304264,7,6557970,94,114840
24027,2024-03-11,08,09,16,22,23,07,09,16,08,22,23,09,09,07,797510013,294174414,11,6990402,130,74810
24026,2024-03-09,01,18,21,26,33,02,12,21,33,01,26,18,12,02,855790631,309482982,2,10000000,37,460501
24025,2024-03-06,01,02,08,18,27,04,08,02,01,18,08,27,04,08,803788990,287737493,1,10000000,161,71434
24024,2024-03-04,03,05,12,17,26,01,12,17,12,26,05,03,01,12,755385806,288745840,3,8798252,131,92413
24023,2024-03-02,08,10,12,14,22,05,09,12,14,08,10,22,05,09,732529067,310377214,6,7312943,120,103144
24022,2024-02-28,07,09,11,31,32,04,08,09,31,07,11,32,04,08,722283850,285993558,5,7000760,169,51763
24021,2024-02-26,01,12,16,20,28,07,09,12,16,28,01,20,07,09,717631060,282070714,21,5982202,101,117627
24020,2024-02-24,02,04,08,19,26,02,06,04,08,02,19,26,02,06,878719861,294279472,4,10000000,135,84829
24019,2024-02-21,19,20,26,29,30,03,04,26,19,20,29,30,03,04,871199740,269021669,6,8217484,130,80002
24018,2024-02-19,04,12,19,25,27,01,09,19,04,27,25,12,01,09,900623259,298212980,6,10000000,119,117921
24017,2024-02-07,03,07,25,27,35,01,04,25,03,27,35,07,04,01,914830111,347010224,0,0,105,181062
24016,2024-02-05,15,18,25,27,29,06,11,15,29,18,25,27,06,11,836640938,291609488,4,10000000,89,168713
24015,2024-02-03,08,11,14,24,31,05,06,08,24,31,14,11,05,06,832704685,293435107,15,6784841,149,73321
24014,2024-01-31,04,05,16,21,31,09,11,21,31,16,04,05,09,11,899112802,277054139,3,10000000,108,128779
24013,2024-01-29,05,22,25,28,30,03,12,05,22,25,30,28,03,12,867748199,273865726,10,7927899,88,126216
24012,2024-01-27,21,22,25,26,34,01,09,34,25,21,26,22,09,01,906728561,302400695,0,0,57,311796
24011,2024-01-24,01,03,27,32,34,01,07,32,34,03,27,01,07,01,826914378,278088460,4,10000000,53,233964
24010,2024-01-22,02,08,10,15,27,02,08,10,02,15,08,27,08,02,823023677,277288880,8,7815815,115,80040
24009,2024-01-20,15,18,19,24,26,05,09,18,15,26,19,24,09,05,855885855,310609197,2,10000000,129,119214
24008,2024-01-17,04,06,11,20,30,03,05,04,11,20,06,30,05,03,813246230,290297440,6,9547905,136,84867
24007,2024-01-15,04,05,28,34,35,04,11,05,34,28,04,35,11,04,831890342,295347811,12,7361176,174,61218
24006,2024-01-13,08,13,16,17,33,02,10,13,17,16,33,08,10,02,881907619,317993801,6,10000000,90,140208
24005,2024-01-10,03,05,07,09,12,05,08,07,09,05,12,03,08,05,891647287,296118578,15,6259584,310,25139
24004,2024-01-08,02,06,18,19,27,08,09,02,27,06,18,19,09,08,966373899,293740320,10,6632781,193,45844
24003,2024-01-06,07,09,12,23,29,01,02,07,23,29,09,12,01,02,1033378430,316688194,9,7766564,195,59738
24002,2024-01-03,01,06,08,27,32,03,04,27,06,32,01,08,04,03,1075477263,287934747,7,8971726,164,67883
24001,2024-01-01,03,09,17,26,35,02,07,17,03,09,35,26,07,02,1097128760,288568779,7,8913873,102,120804
23150,2023-12-30,05,06,17,18,33,11,12,17,05,18,06,33,11,12,1123526130,314687875,4,10000000,159,91893
23149,2023-12-27,01,16,17,21,29,01,06,17,01,16,21,29,06,01,1103823972,287474518,6,9555249,95,130109
23148,2023-12-25,11,12,20,21,27,02,12,12,21,20,11,27,12,02,1124396079,288709459,6,10000000,107,110336
23147,2023-12-23,06,07,19,33,34,03,08,33,19,07,06,34,03,08,1139271874,300086203,5,10000000,72,162352
23146,2023-12-20,14,18,19,26,31,02,07,18,31,26,19,14,02,07,1149841280,283511398,5,10000000,62,209503
23145,2023-12-18,06,10,12,32,33,06,07,12,10,32,06,33,06,07,1141903902,281788090,3,10000000,87,157236
23144,2023-12-16,05,14,18,25,35,01,10,35,25,05,14,18,10,01,1134916198,305447538,5,10000000,99,149256
23143,2023-12-13,09,20,23,29,33,02,10,33,29,20,09,23,02,10,1127826661,290282263,1,10000000,94,149042
23142,2023-12-11,04,13,15,17,32,10,12,13,17,32,15,04,10,12,1083472752,294429085,5,10000000,60,283757
23141,2023-12-09,04,22,25,30,31,04,05,22,30,25,31,04,04,05,1062646770,326977354,5,10000000,81,185420
23140,2023-12-06,01,02,09,19,30,01,02,02,30,19,09,01,01,02,1043730971,311212097,6,10000000,113,129633
23139,2023-12-04,15,16,25,31,34,05,09,15,16,31,34,25,05,09,1053823169,306026254,5,10000000,59,270955
23138,2023-12-02,07,12,20,28,31,09,10,07,31,12,28,20,10,09,1063005169,330230586,2,10000000,137,104704
23137,2023-11-29,04,19,21,30,31,06,12,30,19,31,04,21,12,06,1023516740,314969674,5,10000000,79,205975
23136,2023-11-27,13,23,27,30,34,06,09,13,34,23,30,27,06,09,1020724605,324906521,4,10000000,75,209832
23135,2023-11-25,05,18,22,28,29,09,12,18,05,22,28,29,09,12,1004596055,342060398,15,6929543,104,147931
23134,2023-11-22,10,15,22,27,33,01,12,22,10,15,33,27,01,12,1094743540,326277594,5,10000000,70,259476
23133,2023-11-20,10,18,25,28,33,05,11,28,18,10,25,33,05,11,1062683066,316833724,6,8695944,164,61063
23132,2023-11-18,03,04,12,15,23,02,06,03,23,04,15,12,06,02,1084953128,335031221,4,10000000,88,193088
23131,2023-11-15,03,07,21,22,24,06,07,22,07,03,24,21,06,07,1049374830,311865692,2,10000000,157,83937
23130,2023-11-13,13,20,27,29,30,01,07,13,29,30,20,27,01,07,1023653096,307985223,3,10000000,90,163618
23129,2023-11-11,09,23,25,27,33,06,12,23,25,27,09,33,12,06,996449655,330972531,2,10000000,101,157984
23128,2023-11-08,01,05,07,12,13,02,06,01,12,13,05,07,02,06,951297117,304299864,4,10000000,100,152691
23127,2023-11-06,04,07,08,18,19,02,06,04,07,08,19,18,02,06,926105316,301104265,3,10000000,126,109972
23126,2023-11-04,07,12,17,26,34,02,06,07,26,12,34,17,06,02,901877083,333657269,13,8662429,101,177906
23125,2023-11-01,07,25,26,29,32,02,08,25,26,32,07,29,08,02,942573826,317245687,1,10000000,67,229717
23124,2023-10-30,06,18,23,27,32,06,10,32,23,27,18,06,10,06,891019556,308575993,2,10000000,185,51836
23123,2023-10-28,02,14,16,28,30,02,07,16,02,30,14,28,07,02,865257536,325381412,4,10000000,128,102753
23122,2023-10-25,01,07,09,25,29,10,12,25,29,07,09,01,12,10,852345166,302656130,3,10000000,148,86604
23121,2023-10-23,05,11,15,23,33,01,09,33,11,23,15,05,09,01,828549499,305281727,12,8513200,94,147219
23120,2023-10-21,02,08,16,31,34,01,10,16,31,08,02,34,01,10,864940794,318242674,2,10000000,130,148794
23119,2023-10-18,04,08,10,14,21,04,10,10,14,08,04,21,04,10,812121301,302972888,4,10000000,106,126259
23118,2023-10-16,06,07,13,25,33,05,08,13,25,06,07,33,08,05,800852860,298333764,8,7792198,102,91286
23117,2023-10-14,05,07,15,18,20,03,04,18,07,20,05,15,03,04,833842003,323243808,5,10000000,110,134577
23116,2023-10-11,01,03,09,18,29,04,09,03,09,29,18,01,09,04,814561509,300369085,7,8003202,196,38117
23115,2023-10-09,07,10,23,31,34,02,10,07,31,23,34,10,10,02,840443520,292932368,9,7616663,177,57512
23114,2023-10-07,02,25,27,30,35,01,10,02,35,30,25,27,01,10,877911007,324479019,3,10000000,58,339994
23113,2023-09-30,06,08,30,32,33,03,10,30,08,06,32,33,03,10,824494855,299774264,6,9413555,143,83572
23112,2023-09-27,01,11,17,22,27,02,09,01,27,22,17,11,02,09,843710764,294348984,4,10000000,98,138141
23111,2023-09-25,03,12,15,28,35,02,12,03,28,15,35,12,12,02,826081056,294847714,3,9178567,168,76073
23110,2023-09-23,04,09,11,13,17,07,08,11,09,17,04,13,08,07,799033238,316886671,3,10000000,136,105043
23109,2023-09-20,01,12,21,22,31,02,09,12,31,21,22,01,02,09,769146800,300583964,2,9999751,106,137876
23108,2023-09-18,05,06,17,30,32,02,08,17,32,06,30,05,08,02,734949392,301547351,5,7050476,135,88715
23107,2023-09-16,01,12,15,16,18,03,10,16,15,12,18,01,10,03,728703279,324896606,1,10000000,80,208139
23106,2023-09-13,16,24,26,28,31,01,06,26,28,31,16,24,01,06,663727793,300068817,0,0,44,346897
23105,2023-09-11,07,08,19,20,25,02,11,08,20,07,19,25,02,11,594852806,294104641,26,5322339,176,66865
23104,2023-09-09,06,15,16,32,33,08,10,33,16,32,15,06,08,10,772096221,315933686,22,6310674,133,112368
23103,2023-09-06,08,11,19,31,32,08,11,31,19,11,08,32,08,11,920553792,294563981,6,8485103,237,40103
23102,2023-09-04,02,04,07,16,33,07,11,02,33,04,07,16,07,11,943721191,295396987,2,10000000,69,201538
23101,2023-09-02,06,14,16,17,28,07,10,28,06,17,16,14,07,10,893838613,315967170,4,10000000,94,142203
23100,2023-08-30,04,06,13,19,35,09,11,35,13,04,19,06,11,09,888328938,286977321,1,10000000,54,283431
23099,2023-08-28,09,11,13,22,23,06,07,11,23,13,09,22,07,06,830398089,282172880,17,6065668,176,44674
23098,2023-08-26,02,07,15,30,34,05,09,15,30,02,34,07,09,05,933433567,304752327,6,9391734,75,192083
23097,2023-08-23,06,07,18,20,22,03,09,20,06,07,18,22,03,09,958839854,283734165,6,10000000,85,137779
23096,2023-08-21,06,07,14,21,31,03,10,31,21,14,07,06,03,10,966376074,282075812,1,10000000,89,164626
23095,2023-08-19,08,19,28,32,34,03,07,32,19,08,28,34,07,03,915556976,307851614,1,10000000,75,179885
23094,2023-08-16,12,19,22,28,32,08,12,22,19,12,32,28,08,12,867355969,285551526,1,10000000,102,135725
23093,2023-08-14,11,14,17,19,21,01,05,19,17,21,11,14,05,01,816338505,286169239,4,7978094,81,163503
23092,2023-08-12,03,16,21,26,32,03,12,16,21,03,26,32,12,03,795974256,306558540,3,10000000,126,124472
23091,2023-08-09,06,16,18,28,29,07,11,29,16,18,28,06,07,11,755893826,289311919,7,6453360,164,65846
23090,2023-08-07,08,11,12,19,35,11,12,19,11,35,12,08,11,12,762647025,280933706,28,5993406,199,53508
23089,2023-08-05,03,12,20,26,35,02,12,20,12,26,35,03,02,12,904845173,306682199,4,10000000,90,163975
23088,2023-08-02,08,14,16,22,24,09,12,22,14,24,16,08,09,12,871592817,287409545,7,9324634,79,176397
23087,2023-07-31,03,04,16,19,24,04,05,19,16,04,24,03,04,05,895827940,286062808,2,10000000,114,101954
23086,2023-07-29,03,11,15,20,35,07,11,35,20,03,11,15,11,07,864979868,311653031,6,10000000,54,313987
23085,2023-07-26,11,12,26,31,35,05,07,26,35,31,12,11,07,05,862163414,293963316,0,0,72,165469
23084,2023-07-24,03,05,08,24,32,07,08,08,03,24,32,05,08,07,809598278,290429825,3,8187716,111,100937
23083,2023-07-22,13,15,21,25,32,09,10,21,32,15,13,25,09,10,790074141,317082009,8,8765209,71,227041
23082,2023-07-19,02,08,09,15,20,03,09,02,09,20,08,15,09,03,827085116,299141777,5,9527865,167,53347
23081,2023-07-17,05,06,23,28,35,07,10,28,05,35,23,06,07,10,841378608,293496142,13,7201205,140,79676
23080,2023-07-15,01,02,09,16,30,01,11,16,01,09,02,30,11,01,899395409,319156762,2,10000000,130,113278
23079,2023-07-12,06,08,26,29,34,05,08,34,06,08,26,29,05,08,860725831,297882990,5,10000000,72,180335
23078,2023-07-10,02,03,06,26,27,07,08,26,03,06,02,27,08,07,846788540,290049087,8,8140301,124,87196
23077,2023-07-08,05,16,18,26,35,03,06,26,18,05,16,35,06,03,880499424,310865876,13,7106555,108,113314
23076,2023-07-05,08,09,11,26,34,02,07,26,11,34,08,09,07,02,948501277,299341312,3,10000000,100,132704
23075,2023-07-03,07,17,20,23,32,05,11,23,07,17,32,20,05,11,917148171,291887672,9,7321734,172,57997
23074,2023-07-01,03,13,22,29,34,02,09,22,13,03,29,34,09,02,959326220,317553672,4,10000000,85,183380
23073,2023-06-28,15,25,28,30,35,08,10,30,25,28,15,35,08,10,940619193,300986764,4,10000000,151,77162
23072,2023-06-26,05,06,09,11,14,02,04,06,09,14,05,11,04,02,932426488,303438691,3,10000000,123,103431
23071,2023-06-24,02,11,12,32,34,10,12,34,02,12,11,32,10,12,901185515,317016133,4,10000000,194,72403
23070,2023-06-21,10,26,29,32,33,03,11,29,33,10,26,32,11,03,896500867,299252381,7,10000000,101,134258
23069,2023-06-19,08,20,21,25,32,05,07,25,20,08,21,32,05,07,908523228,295437282,2,10000000,134,97277
23068,2023-06-17,21,22,24,27,31,07,08,21,24,27,31,22,08,07,874858098,323126932,7,10000000,76,193650
23067,2023-06-14,02,28,30,33,35,02,10,33,28,35,02,30,10,02,877298736,306580086,2,10000000,173,67865
23066,2023-06-12,06,11,13,30,32,01,03,06,13,11,32,30,01,03,846071268,311912224,3,10000000,93,183571
23065,2023-06-10,08,14,16,21,25,03,12,21,16,25,08,14,03,12,807401652,326869150,1,10000000,223,76578
23064,2023-06-07,02,06,09,31,32,03,07,32,09,02,06,31,07,03,747516040,306244331,8,6313601,201,46580
23063,2023-06-05,04,18,29,31,34,06,09,29,04,31,18,34,06,09,758945368,302254758,6,6757853,91,129591
23062,2023-06-03,06,08,22,24,30,01,08,30,08,24,22,06,01,08,758202286,326064748,6,7027511,146,97706
23061,2023-05-31,07,11,21,30,32,05,07,21,32,11,07,30,07,05,750108293,309303838,1,10000000,76,193702
23060,2023-05-29,02,07,19,24,30,09,12,07,24,19,02,30,12,09,688684878,310894364,20,5803660,307,22911
23059,2023-05-27,09,13,23,25,28,04,07,23,13,28,25,09,07,04,812443525,358763124,9,7257198,198,55788
23058,2023-05-24,19,22,29,32,35,05,08,29,19,35,32,22,05,08,872966224,363828515,8,9329207,93,163975
23057,2023-05-22,01,05,06,19,24,05,11,05,06,24,19,01,11,05,903873949,344889264,8,10000000,92,165577
23056,2023-05-20,13,22,24,33,34,01,02,24,13,34,22,33,02,01,920035696,398657811,3,10000000,60,346987
23055,2023-05-17,06,08,12,13,15,01,06,15,06,08,12,13,01,06,856791468,350342112,5,10000000,138,103286
23054,2023-05-15,19,25,30,31,34,07,09,31,34,19,25,30,07,09,874577473,350143702,6,10000000,197,82842
23053,2023-05-13,01,03,11,14,20,02,11,11,01,20,14,03,02,11,892267763,372295609,3,10000000,90,179003
23052,2023-05-10,02,08,11,30,33,05,08,33,08,11,02,30,05,08,854240159,355627104,5,10000000,82,157172
23051,2023-05-08,03,11,19,29,33,03,12,33,11,29,19,03,03,12,859364126,349432627,21,6007213,1228,20000
23050,2023-05-06,08,09,14,25,29,04,06,29,08,09,14,25,04,06,1005750816,375710449,5,10000000,124,111057
23049,2023-05-03,03,17,22,26,28,07,12,03,22,26,17,28,07,12,997411126,331270234,4,10000000,99,113704
23048,2023-05-01,07,13,16,25,32,09,11,07,32,16,25,13,11,09,994472934,313990124,2,10000000,68,228710
23047,2023-04-29,10,12,13,24,25,11,12,24,12,25,13,10,11,12,952628083,362544707,6,10000000,95,174412
23046,2023-04-26,13,21,25,28,32,02,10,13,21,32,28,25,02,10,948200742,352135852,0,0,43,414384
23045,2023-04-24,07,10,13,28,31,04,05,07,28,10,31,13,05,04,855642317,346712734,6,10000000,170,68608
23044,2023-04-22,02,06,07,08,15,07,10,15,06,07,08,02,07,10,868495061,378830462,5,10000000,140,98608
23043,2023-04-19,02,04,17,20,27,01,08,27,17,02,04,20,01,08,853496451,356711435,4,10000000,126,129148
23042,2023-04-17,02,16,21,23,27,01,08,16,27,23,21,02,08,01,828299303,362398489,4,8825763,90,177996
23041,2023-04-15,05,08,13,26,35,05,09,26,13,05,35,08,09,05,794168912,389220667,10,9113936,167,88299
23040,2023-04-12,04,05,18,22,30,05,12,05,18,22,30,04,12,05,827601739,369110639,10,8838815,101,163388
23039,2023-04-10,02,24,26,30,34,06,07,24,34,26,02,30,07,06,869785637,368190696,2,10000000,74,231241
23038,2023-04-08,04,10,18,27,32,10,12,10,04,18,32,27,10,12,806289674,311720942,2,10000000,158,87329
23037,2023-04-05,06,08,16,20,24,07,08,24,16,08,20,06,07,08,768030435,284657775,5,7815329,136,90445
23036,2023-04-03,01,13,22,26,31,02,10,26,13,22,01,31,10,02,752208151,285032829,10,5516938,503,20000
23035,2023-04-01,07,14,23,25,29,02,11,25,14,29,23,07,11,02,790017644,310558399,6,9979848,238,47702
23034,2023-03-29,07,09,10,15,24,04,12,15,09,07,24,10,04,12,803285352,287732716,5,7780731,110,108314
23033,2023-03-27,04,06,10,11,25,07,09,25,06,04,10,11,09,07,787964749,289373837,4,7900471,94,128909
23032,2023-03-25,05,06,18,28,30,02,07,30,05,28,18,06,02,07,771590189,308131139,17,6288243,133,73933
23031,2023-03-22,05,07,08,16,25,03,11,16,25,08,07,05,03,11,861440447,287302404,6,9483426,146,84608
23030,2023-03-20,06,11,12,20,35,05,12,35,20,06,12,11,05,12,880358984,291586529,5,10000000,82,166908
23029,2023-03-18,07,25,27,34,35,09,11,27,25,35,34,07,09,11,873738106,309186270,0,0,79,179115
23028,2023-03-15,01,03,29,30,34,04,12,34,01,03,30,29,12,04,807820511,293553586,0,0,52,299559
23027,2023-03-13,09,10,12,15,23,03,06,15,12,09,10,23,06,03,734749840,288212889,5,6766822,125,75900
23026,2023-03-11,02,13,24,27,30,01,06,30,13,02,24,27,01,06,733932864,316826904,1,10000000,90,199360
23025,2023-03-08,03,09,27,30,31,11,12,31,30,03,09,27,12,11,667313212,298831206,6,6917554,105,136852
23024,2023-03-06,11,15,24,27,30,01,10,11,30,24,27,15,01,10,662152862,299898051,5,7924611,111,135800
23023,2023-03-04,09,21,23,25,33,03,10,23,25,09,33,21,10,03,641960896,327693006,13,6369271,47,362879
23022,2023-03-01,07,11,15,26,28,08,10,28,11,26,07,15,10,08,656985938,304855393,5,7161286,224,54181
23021,2023-02-27,02,09,18,23,27,03,05,09,27,18,23,02,05,03,648618913,304448024,5,6737925,264,38095
23020,2023-02-25,05,06,23,25,28,06,09,25,23,28,06,05,09,06,648355013,323977748,13,5492927,272,25125
23019,2023-02-22,05,08,09,11,15,06,08,09,05,08,11,15,06,08,706197256,298433689,10,5948278,131,73156
23018,2023-02-20,04,08,17,26,30,03,11,08,26,17,04,30,03,11,732297153,297501654,3,8442888,152,87105
23017,2023-02-18,02,05,09,22,27,10,11,27,02,09,05,22,11,10,709369027,325814136,30,5817626,101,143902
23016,2023-02-15,02,04,12,31,32,07,11,04,02,32,12,31,07,11,929208065,294344609,11,6710087,85,134111
23015,2023-02-13,08,16,24,25,34,08,12,16,08,34,25,24,08,12,1006012729,286304176,6,8742063,70,194129
23014,2023-02-11,03,08,18,22,24,01,09,22,18,24,03,08,09,01,1037380726,308698349,5,10000000,156,85206
23013,2023-02-08,01,02,09,23,25,02,06,23,01,25,09,02,02,06,1040036601,290272193,5,10000000,89,163041
23012,2023-02-06,07,16,17,18,28,02,03,17,28,07,16,18,03,02,1048716293,274786290,17,6215753,136,77035
23011,2023-02-04,02,07,08,17,25,01,03,02,07,08,17,25,03,01,1156695738,297936990,4,10000000,155,79540
23010,2023-02-01,05,06,13,23,26,01,06,13,26,06,23,05,01,06,1144740863,272385898,7,8119275,377,20484
23009,2023-01-30,01,05,11,15,33,01,10,11,33,15,05,01,01,10,1167513305,288306205,3,10000000,89,167200
23008,2023-01-18,04,09,17,22,25,01,05,09,04,17,25,22,01,05,1153640352,322639161,11,6668897,243,37136
23007,2023-01-16,02,03,24,30,32,01,06,30,24,32,02,03,01,06,1214621616,270298202,2,10000000,48,338929
23006,2023-01-14,02,04,12,27,35,06,07,12,02,04,27,35,06,07,1166367354,286730809,2,10000000,123,93427
23005,2023-01-11,01,03,10,20,29,06,11,29,01,03,10,20,06,11,1150759496,271728892,5,10000000,113,83679
23004,2023-01-09,04,13,15,20,22,04,08,15,22,20,04,13,04,08,1157028435,258433073,3,10000000,106,100245
23003,2023-01-07,05,06,14,21,22,02,09,22,05,21,14,06,09,02,1140824557,281549083,6,10000000,96,131395
23002,2023-01-04,11,14,21,26,27,02,07,21,27,14,11,26,02,07,1153840957,255061637,3,10000000,48,282518
23001,2023-01-02,18,19,24,27,34,11,12,19,27,18,24,34,12,11,1124542797,244595607,0,0,64,191196
22150,2022-12-31,06,07,26,29,30,03,12,07,06,26,30,29,12,03,1071397015,267131944,4,10000000,117,105068
22149,2022-12-28,15,19,22,26,28,02,07,22,15,26,28,19,07,02,1073084049,227015437,7,8559676,46,220095
22148,2022-12-26,04,05,06,26,27,07,12,06,26,27,05,04,07,12,1098940648,222561477,6,8092788,138,55924
22147,2022-12-24,04,12,22,28,30,09,11,30,04,12,28,22,11,09,1126392172,242212561,2,10000000,95,119521
22146,2022-12-21,01,21,23,28,35,07,09,28,01,21,23,35,09,07,1091896945,226981538,1,10000000,29,425529
22145,2022-12-19,10,20,29,30,35,06,09,35,30,10,20,29,09,06,1054075162,235282028,5,8228015,141,54684
22144,2022-12-17,03,04,08,15,21,04,07,21,08,04,15,03,04,07,1077698266,254622809,5,9732901,111,87397
22143,2022-12-14,10,13,14,27,33,07,08,13,27,33,14,10,07,08,1091325801,250946991,3,10000000,121,87291
22142,2022-12-12,07,12,14,29,35,01,11,07,29,35,14,12,01,11,1078507658,261964327,2,10000000,83,149783
22141,2022-12-10,05,06,14,24,25,02,04,25,05,14,24,06,04,02,1047136066,280927317,0,0,114,116962
22140,2022-12-07,05,15,25,26,29,04,12,05,25,26,15,29,04,12,984601777,263913540,7,8414552,111,119164
22139,2022-12-05,01,13,14,22,35,02,05,01,14,13,35,22,05,02,1016097851,249420144,2,10000000,85,161085
22138,2022-12-03,05,13,16,27,33,07,12,16,27,13,33,05,12,07,983440468,263569680,14,7323910,76,164786
22137,2022-11-30,05,06,08,15,20,07,08,05,08,20,06,15,08,07,1041138782,236652115,8,6803296,135,50059
22136,2022-11-28,01,11,15,17,33,03,11,33,11,15,01,17,11,03,1089020630,243043220,4,10000000,47,248618
22135,2022-11-26,09,10,27,31,32,01,03,31,27,10,32,09,01,03,1072783224,276637790,5,10000000,47,310719
22134,2022-11-23,03,16,23,27,32,03,06,32,23,16,27,03,03,06,1082667691,260504803,10,7180775,131,67295
22133,2022-11-21,01,02,14,30,31,06,09,02,14,31,30,01,09,06,1126501374,268194352,2,10000000,74,189237
22132,2022-11-19,02,27,30,34,35,09,12,35,02,34,30,27,12,09,1087727608,303478141,1,10000000,78,210404
22131,2022-11-16,02,06,08,10,17,05,06,06,08,02,17,10,06,05,1023428077,280955531,13,7230419,130,68297
22130,2022-11-14,05,07,15,18,23,05,10,15,18,05,07,23,05,10,1072190623,276026401,1,10000000,116,96255
22129,2022-11-12,10,17,23,34,35,01,04,35,23,10,34,17,01,04,1037498580,296103979,1,10000000,73,234563
22128,2022-11-09,10,19,21,23,35,04,10,21,19,35,10,23,04,10,971487159,287676329,0,0,59,267208
22127,2022-11-07,02,03,08,09,20,04,10,03,08,09,20,02,04,10,898918318,281679123,1,10000000,111,104450
22126,2022-11-05,04,05,08,22,35,01,03,04,05,08,35,22,03,01,858035622,302545991,4,10000000,108,124630
22125,2022-11-02,03,07,14,16,19,01,11,14,03,07,16,19,11,01,847578280,281402027,3,10000000,59,185273
22124,2022-10-31,02,04,11,25,30,06,12,02,04,25,11,30,06,12,829363342,280957519,4,10000000,81,184091
22123,2022-10-29,02,20,28,29,30,07,10,20,28,29,30,02,10,07,807264781,305820352,6,8863199,84,146975
22122,2022-10-26,04,15,17,19,25,06,12,17,19,15,25,04,12,06,833361576,274529792,3,10000000,78,152034
22121,2022-10-24,04,15,16,20,21,04,05,04,16,15,21,20,05,04,808811731,273260256,4,8403281,157,75311
22120,2022-10-22,11,22,26,30,33,03,05,26,22,11,33,30,05,03,785438059,297092815,20,6147599,128,104891
22119,2022-10-19,01,09,16,25,29,04,09,29,16,09,01,25,04,09,935330701,265928079,9,6378248,187,27731
22118,2022-10-17,02,05,15,17,26,02,08,15,17,26,05,02,08,02,980149419,266205201,2,10000000,79,168497
22117,2022-10-15,09,12,15,21,32,02,07,15,09,21,12,32,07,02,943874218,288760077,2,10000000,100,133836
22116,2022-10-12,01,07,20,22,31,07,12,22,20,07,01,31,12,07,903895960,268635897,2,10000000,93,133489
22115,2022-10-10,17,19,20,23,27,03,08,20,19,23,17,27,08,03,876900512,264625441,1,10000000,73,129865
22114,2022-10-08,11,21,24,27,28,05,10,21,24,28,11,27,10,05,850606831,279880005,3,10000000,146,79680
22113,2022-10-05,13,15,22,31,33,05,12,13,33,31,22,15,12,05,816761134,276092506,3,10000000,61,229523
22112,2022-09-28,04,11,18,20,26,06,12,26,11,04,20,18,12,06,782148236,277451326,6,7374292,92,133251
22111,2022-09-26,06,12,16,19,31,06,10,19,31,16,06,12,06,10,770835538,275608888,3,10000000,81,165393
22110,2022-09-24,02,13,16,18,23,03,06,16,13,02,18,23,06,03,741140375,293502614,5,7700255,106,102849
22109,2022-09-21,05,09,24,29,35,05,12,29,35,09,24,05,05,12,726986669,274478389,13,5529833,108,89188
22108,2022-09-19,04,07,13,26,28,07,11,26,13,07,28,04,11,07,796949041,270398530,2,9817382,114,97359
22107,2022-09-17,07,09,19,28,29,08,10,29,09,07,28,19,10,08,771831893,289183885,11,7084969,326,22384
22106,2022-09-14,16,17,21,28,32,04,07,21,32,17,28,16,07,04,817054416,263686397,4,8148482,71,189339
22105,2022-09-12,01,08,09,21,22,01,04,09,01,08,21,22,04,01,797227537,261227681,6,9548733,132,87218
22104,2022-09-10,03,05,13,19,25,02,05,19,13,25,03,05,02,05,815868126,278107743,5,10000000,152,66422
22103,2022-09-07,08,12,16,21,32,01,12,08,21,16,32,12,12,01,828275399,257860867,2,10000000,87,150792
22102,2022-09-05,01,05,14,20,30,02,04,01,20,14,05,30,04,02,802491817,254102938,5,7098382,111,98795
22101,2022-09-03,02,04,06,07,08,03,06,02,07,06,04,08,06,03,795328775,285323196,5,7881688,242,51126
22100,2022-08-31,10,19,20,23,31,03,07,10,20,19,31,23,07,03,778544296,263081270,12,6928361,225,34966
22099,2022-08-29,07,18,25,27,33,04,05,33,07,18,27,25,04,05,828721804,262403522,2,10000000,92,117690
22098,2022-08-27,01,03,06,11,13,03,11,11,03,01,06,13,11,03,808652607,290597334,7,10000000,91,159365
22097,2022-08-24,05,13,22,28,29,05,11,29,22,28,05,13,05,11,812318845,265903896,5,10000000,133,75131
22096,2022-08-22,16,19,24,27,33,01,06,16,33,19,24,27,01,06,818056288,265333149,1,10000000,82,156359
22095,2022-08-20,05,08,22,25,35,02,07,35,25,08,22,05,02,07,779067574,285755605,4,7575561,86,138200
22094,2022-08-17,03,04,07,12,19,02,05,19,04,07,12,03,05,02,765240459,263091435,11,6755759,116,93869
22093,2022-08-15,07,11,14,21,29,07,10,11,29,21,07,14,07,10,835132342,263859632,15,6181280,114,71002
22092,2022-08-13,01,04,12,23,29,05,12,12,04,29,23,01,05,12,924505092,284162500,3,10000000,98,142234
22091,2022-08-10,02,11,20,22,34,04,12,22,02,20,11,34,12,04,892175409,264872501,8,9889786,54,245249
22090,2022-08-08,01,20,24,25,31,09,12,01,25,31,24,20,09,12,912078543,267762065,3,10000000,100,134459
22089,2022-08-06,01,20,21,31,33,03,11,33,31,20,01,21,03,11,884490880,283719023,0,0,102,134608
22088,2022-08-03,01,08,10,20,35,06,11,08,20,35,10,01,06,11,812522097,265773772,6,8871797,56,236609
22087,2022-08-01,04,06,10,24,28,06,12,06,24,10,04,28,06,12,840840031,274453796,2,10000000,64,208288
22086,2022-07-30,04,10,21,28,31,08,11,28,21,10,31,04,11,08,794672440,297073867,4,7547381,101,128648
22085,2022-07-27,11,16,31,33,35,06,08,11,33,16,35,31,08,06,779393038,272086013,1,10000000,67,217641
22084,2022-07-25,03,11,19,25,27,04,12,25,03,27,11,19,12,04,725347023,273954096,3,10000000,89,139730
22083,2022-07-23,02,09,17,26,32,04,06,26,02,32,17,09,06,04,694213667,294221785,5,7308055,331,36570
22082,2022-07-20,04,26,27,30,33,02,09,27,33,30,26,04,09,02,683037489,273662938,3,9128455,58,212523
22081,2022-07-18,05,10,19,31,32,09,10,19,31,32,10,05,09,10,656541909,275005199,35,5870791,118,108410
22080,2022-07-16,10,17,30,31,34,03,06,31,17,34,30,10,06,03,854183132,297387957,2,10000000,57,285340
22079,2022-07-13,07,10,19,26,32,08,12,26,32,07,10,19,08,12,814806479,274537529,9,7686108,153,69522
22078,2022-07-11,02,03,18,20,27,01,02,18,03,02,27,20,02,01,857454985,277517440,2,10000000,65,185043
22077,2022-07-09,05,10,11,16,19,01,10,19,10,11,05,16,10,01,822341601,303064936,7,8488725,96,127089
22076,2022-07-06,05,17,30,34,35,02,09,30,17,05,35,34,02,09,853413999,279968673,4,10000000,53,309721
22075,2022-07-04,04,12,13,17,18,07,09,12,13,04,17,18,09,07,831794198,280513406,2,10000000,107,96707
22074,2022-07-02,02,06,21,25,28,02,06,02,25,28,21,06,06,02,812683583,305228062,5,7510081,61,254763
22073,2022-06-29,11,18,21,25,32,02,04,18,32,21,25,11,04,02,795817234,287420936,2,10000000,85,176730
22072,2022-06-27,01,12,13,15,30,03,07,15,30,01,12,13,07,03,754035319,285522661,2,9788546,66,218463
22071,2022-06-25,09,15,19,25,29,08,09,15,19,29,09,25,08,09,722042898,306432833,65,5305543,348,32229
22070,2022-06-22,01,07,17,23,35,07,11,17,23,01,07,35,07,11,1240666270,288052831,5,10000000,146,76452
22069,2022-06-20,02,03,23,28,35,02,09,02,03,28,35,23,09,02,1252345739,293067958,2,10000000,79,150496
22068,2022-06-18,03,06,10,15,23,03,08,10,06,03,23,15,03,08,1230825950,322509914,4,10000000,125,108789
22067,2022-06-15,04,14,15,32,33,10,11,15,33,14,32,04,11,10,1213949798,295204928,9,8005408,185,65265
22066,2022-06-13,02,24,25,26,34,03,12,34,02,25,24,26,12,03,1257070426,300292058,2,10000000,75,192989
22065,2022-06-11,05,10,13,22,28,01,04,22,13,05,28,10,01,04,1205499301,322990947,2,10000000,128,117523
22064,2022-06-08,02,19,22,25,35,05,07,35,25,02,19,22,07,05,1156831124,302545998,1,10000000,56,278504
22063,2022-06-06,02,03,22,26,31,06,10,22,26,02,31,03,06,10,1094156707,298558863,2,10000000,49,325472
22062,2022-06-04,05,09,11,12,31,07,11,11,05,09,12,31,07,11,1055150107,317092728,4,10000000,107,120888
22061,2022-06-01,06,09,19,22,30,01,06,30,06,19,09,22,01,06,1050658907,291593427,5,8933032,112,93357
22060,2022-05-30,02,06,10,11,20,03,09,02,06,10,20,11,03,09,1073598422,299617214,2,10000000,134,98602
22059,2022-05-28,04,15,18,32,34,04,09,18,34,04,32,15,04,09,1042057372,360168383,5,10000000,59,273757
22058,2022-05-25,03,04,24,26,35,07,08,35,03,24,26,04,08,07,1014062807,315162700,8,8838497,58,249060
22057,2022-05-23,06,12,18,21,35,07,10,18,06,35,12,21,10,07,1050548455,321743486,6,10000000,89,176774
22056,2022-05-21,02,11,15,17,31,07,09,02,31,11,17,15,09,07,1056706742,357963502,0,0,102,154372
22055,2022-05-18,01,02,12,15,23,04,06,12,15,02,01,23,04,06,971105598,327354148,6,10000000,60,282372
22054,2022-05-16,05,16,21,23,34,07,10,34,21,23,16,05,07,10,958213629,319626218,19,6015218,223,36289
22053,2022-05-14,09,17,19,20,25,01,09,19,25,20,17,09,09,01,1081408712,344052818,18,6331450,311,34155
22052,2022-05-11,01,13,18,29,35,04,09,13,18,01,35,29,04,09,1198829807,310675547,7,9183568,55,250344
22051,2022-05-09,01,16,17,19,33,05,06,17,01,19,33,16,05,06,1225933266,304581312,8,8087457,108,97034
22050,2022-05-07,02,10,21,24,30,08,10,02,21,10,24,30,08,10,1265185550,348959440,4,10000000,78,214716
22049,2022-05-04,06,10,20,28,35,01,10,20,28,06,10,35,10,01,1238138013,301545430,5,10000000,70,218856
22048,2022-05-02,16,22,28,29,32,08,09,29,32,28,22,16,08,09,1221336676,291309246,1,10000000,80,141701
22047,2022-04-30,07,10,11,12,33,03,11,07,10,33,11,12,11,03,1179450986,333697226,4,10000000,72,207855
22046,2022-04-27,06,07,12,22,27,03,05,27,22,06,12,07,03,05,1151734276,319329723,7,8932034,114,123578
22045,2022-04-25,02,03,07,12,20,01,05,03,12,02,07,20,05,01,1184751389,322807049,1,10000000,103,136728
22044,2022-04-23,01,02,16,17,20,03,07,20,02,01,16,17,07,03,1132266362,351891169,4,10000000,86,174317
22043,2022-04-20,02,16,17,24,30,09,12,16,24,02,17,30,12,09,1106933108,322417914,14,7059578,319,38045
22042,2022-04-18,08,10,11,29,32,02,06,11,10,29,08,32,02,06,1179249861,323544249,5,10000000,79,184764
22041,2022-04-16,05,15,25,26,33,06,11,26,33,25,15,05,11,06,1182772175,353526676,5,10000000,132,126495
22040,2022-04-13,10,19,25,29,33,08,12,19,25,33,10,29,12,08,1179022270,326654540,10,7441714,8,5953371
22039,2022-04-11,01,08,11,22,31,05,11,31,08,11,01,22,11,05,1238597563,256237338,3,10000000,66,180645
22038,2022-04-09,07,09,11,12,26,09,12,09,07,12,11,26,12,09,1218640918,277396313,17,6234524,147,69639
22037,2022-04-06,01,09,17,20,28,06,10,01,20,09,28,17,06,10,1326357581,255392443,1,10000000,127,87671
22036,2022-04-04,18,19,21,26,34,06,07,19,26,34,21,18,07,06,1288426891,248062195,2,10000000,108,107106
22035,2022-04-02,09,11,13,23,31,05,08,13,09,11,31,23,08,05,1262351648,278506614,3,10000000,148,76412
22034,2022-03-30,02,10,24,27,28,06,07,02,24,28,27,10,07,06,1248571195,276331348,6,10000000,111,112921
22033,2022-03-28,08,15,16,19,33,03,04,33,19,08,15,16,04,03,1255163229,271656444,5,9798152,133,74353
22032,2022-03-26,05,09,18,31,32,01,05,05,09,32,31,18,01,05,1270429256,293074610,0,0,140,102698
22031,2022-03-23,07,14,16,20,28,04,08,28,20,16,14,07,08,04,1208966802,275183386,3,10000000,119,102371
22030,2022-03-21,12,14,15,21,30,01,09,14,12,30,21,15,01,09,1205677592,264133524,3,10000000,55,246560
22029,2022-03-19,07,08,10,14,17,10,12,17,10,14,07,08,10,12,1179206273,287037282,3,10000000,110,123790
22028,2022-03-16,04,09,16,17,35,01,07,04,16,17,35,09,01,07,1160852484,271216347,5,10000000,227,44819
22027,2022-03-14,03,06,11,31,32,05,12,11,32,03,31,06,12,05,1172229996,272660463,7,9789035,67,183847
22026,2022-03-12,11,14,22,23,27,08,10,14,22,11,27,23,08,10,1190311490,302400234,4,10000000,80,152456
22025,2022-03-09,04,07,22,24,29,01,07,24,29,22,07,04,01,07,1186204971,287810009,2,10000000,79,197731
22024,2022-03-07,01,02,11,30,35,01,12,11,02,35,30,01,12,01,1140166345,282564402,1,10000000,113,119578
22023,2022-03-05,04,05,18,20,25,11,12,05,25,18,04,20,12,11,1092622292,308200898,9,8399145,161,72789
22022,2022-03-02,01,05,14,17,28,06,07,01,17,14,28,05,06,07,1125444965,290445482,4,10000000,91,128259
22021,2022-02-28,11,15,16,18,35,06,09,18,15,35,11,16,09,06,1125876145,281794671,4,10000000,67,199693
22020,2022-02-26,16,17,30,31,35,08,09,35,16,30,31,17,09,08,1103146928,302088019,3,10000000,65,216655
22019,2022-02-23,01,04,07,17,21,01,02,21,01,07,04,17,02,01,1075854770,287443310,8,9950822,131,112629
22018,2022-02-21,16,21,29,31,34,06,09,34,29,21,16,31,06,09,1095457117,272144024,8,7631726,101,99916
22017,2022-02-19,10,14,18,23,25,07,11,18,14,25,10,23,11,07,1134950927,295313318,5,10000000,74,187025
22016,2022-02-16,01,07,17,26,32,01,09,01,26,07,32,17,09,01,1140211944,285216427,2,10000000,74,195233
22015,2022-02-14,01,02,08,12,30,05,12,08,12,01,02,30,05,12,1101484790,274855255,14,6507822,105,112380
22014,2022-02-12,01,04,10,18,32,01,09,01,10,04,18,32,01,09,1196232916,297471147,3,10000000,83,200691
22013,2022-02-09,04,09,16,25,32,05,06,25,32,16,09,04,05,06,1165497778,328606125,11,7485048,325,41233
22012,2022-01-26,03,05,10,33,34,07,10,10,05,34,33,03,10,07,1225396764,327170573,6,10000000,86,201685
22011,2022-01-24,03,05,17,24,32,05,12,24,03,05,32,17,05,12,1215311646,288813273,5,10000000,176,54260
22010,2022-01-22,04,19,25,31,35,02,11,25,19,04,35,31,11,02,1227756664,305997751,2,10000000,65,230571
22009,2022-01-19,13,14,18,31,33,07,10,31,18,14,33,13,07,10,1189540601,295315583,6,9417131,82,169967
22008,2022-01-17,01,02,13,18,34,06,07,01,02,13,18,34,06,07,1212783541,288005510,1,10000000,116,111356
22007,2022-01-15,05,22,23,25,35,03,11,05,35,25,23,22,03,11,1166246610,314958868,3,10000000,81,193366
22006,2022-01-12,01,05,07,17,20,05,12,07,05,20,01,17,05,12,1126455275,292369845,2,10000000,89,157904
22005,2022-01-10,02,13,17,19,34,05,09,17,13,19,34,02,05,09,1082745176,290292047,16,6275185,142,57227
22004,2022-01-08,07,20,27,30,33,03,04,33,30,07,27,20,03,04,1161605667,318985651,2,10000000,73,220180
22003,2022-01-05,02,18,24,25,34,08,12,34,02,24,25,18,08,12,1117630715,293411992,5,10000000,99,138844
22002,2022-01-03,04,06,07,09,24,04,12,09,04,24,06,07,12,04,1108263190,293300380,5,9208823,120,98863
22001,2022-01-01,08,11,19,22,29,03,11,19,29,08,11,22,03,11,1129936273,323959870,11,7127420,283,38595
21150,2021-12-29,04,10,11,23,26,07,10,04,11,26,10,23,10,07,1187065937,297315273,5,10000000,124,97499
21149,2021-12-27,20,26,28,30,35,10,11,20,30,35,26,28,11,10,1187821356,288342246,1,10000000,71,211096
21148,2021-12-25,01,04,12,16,29,04,08,01,16,04,29,12,08,04,1140109035,309690271,6,10000000,169,87286
21147,2021-12-22,01,02,08,12,26,01,07,08,26,01,12,02,01,07,1156628877,294787629,4,10000000,87,174581
21146,2021-12-20,03,05,08,18,20,09,11,20,18,08,05,03,11,09,1139389366,293542849,7,9538231,177,66819
21145,2021-12-18,03,08,25,29,30,01,06,29,08,25,03,30,01,06,1160533245,320066364,5,10000000,126,135901
21144,2021-12-15,03,20,25,30,34,02,09,25,03,34,20,30,02,09,1153487670,307637069,2,10000000,53,346332
21143,2021-12-13,09,17,19,29,34,04,11,34,09,19,29,17,11,04,1104620668,295955136,11,7088508,114,81540
21142,2021-12-11,11,13,17,19,25,02,09,11,19,17,25,13,02,09,1152884152,321224093,6,10000000,99,143032
21141,2021-12-08,02,08,16,29,34,05,12,08,02,34,16,29,05,12,1157697510,303700722,3,10000000,165,80804
21140,2021-12-06,05,24,26,33,35,09,12,35,33,05,24,26,09,12,1116819863,305536538,2,10000000,117,101414
21139,2021-12-04,05,13,18,23,34,08,09,18,34,23,13,05,08,09,1083766581,328551201,29,5837260,230,51125
21138,2021-12-01,09,11,12,15,31,05,11,09,11,15,31,12,05,11,1273167982,303548798,4,10000000,79,182720
21137,2021-11-29,02,07,13,14,19,04,05,02,13,19,07,14,05,04,1263704189,302260255,7,8951971,85,159214
21136,2021-11-27,08,12,19,27,33,02,05,27,33,19,08,12,02,05,1292130528,327765275,2,10000000,203,60673
21135,2021-11-24,04,07,17,29,31,05,06,17,31,04,29,07,05,06,1262006660,314847908,4,10000000,79,181363
21134,2021-11-22,02,06,14,19,28,01,06,02,19,28,06,14,01,06,1248689538,308110428,4,10000000,57,269935
21133,2021-11-20,08,09,17,26,28,06,08,26,09,28,08,17,08,06,1243590906,327493668,13,6695515,204,53534
21132,2021-11-17,04,21,28,29,33,03,11,33,28,21,04,29,03,11,1318930415,297729643,10,7538023,149,73186
21131,2021-11-15,06,08,16,34,35,05,06,16,35,34,06,08,05,06,1360443412,296451386,2,10000000,69,218787
21130,2021-11-13,02,03,14,27,28,05,10,28,02,14,03,27,10,05,1329267789,317382301,14,7136788,140,107638
21129,2021-11-10,02,16,17,18,34,04,10,18,34,02,16,17,04,10,1403814394,294268030,0,0,63,211783
21128,2021-11-08,14,17,18,23,27,05,08,18,27,17,14,23,08,05,1337287551,282038607,9,7655899,128,74441
21127,2021-11-06,01,02,15,17,26,02,11,02,26,17,15,01,02,11,1374522133,305525077,3,10000000,64,224471
21126,2021-11-03,01,11,12,34,35,09,12,01,11,12,34,35,09,12,1337033731,289363128,2,10000000,119,125662
21125,2021-11-01,17,19,21,27,31,04,09,21,19,17,31,27,04,09,1288689189,285946298,1,10000000,103,131680
21124,2021-10-30,10,17,22,25,35,07,09,17,35,25,22,10,07,09,1239396849,314165395,3,10000000,83,172900
21123,2021-10-27,08,23,26,27,33,08,09,26,27,08,33,23,09,08,1210823709,296213304,3,10000000,63,213247
21122,2021-10-25,14,15,26,27,29,04,05,27,15,26,29,14,05,04,1186675748,294005109,2,10000000,105,120192
21121,2021-10-23,02,15,19,29,30,02,09,30,02,29,15,19,09,02,1146249375,313275937,3,10000000,115,127063
21120,2021-10-20,05,10,21,25,31,05,11,05,21,10,31,25,05,11,1120909519,285711031,10,8314748,104,131354
21119,2021-10-18,01,02,09,16,30,09,10,09,30,16,01,02,09,10,1157376911,290165267,4,10000000,141,84057
21118,2021-10-16,14,17,18,28,34,02,03,34,28,14,17,18,02,03,1146057645,302397723,4,10000000,98,148407
21117,2021-10-13,11,18,21,22,33,05,06,21,33,11,18,22,05,06,1124390424,279505700,8,8355835,169,61934
21116,2021-10-11,04,25,28,29,35,03,11,25,35,28,04,29,11,03,1151852869,279695241,2,10000000,73,190970
21115,2021-10-09,08,13,19,20,29,06,10,13,29,20,08,19,10,06,1111593015,299770302,2,10000000,114,112841
21114,2021-10-06,08,09,13,29,30,01,11,09,08,29,13,30,01,11,1081182210,283727610,1,10000000,110,108970
21113,2021-09-29,17,18,25,27,28,04,08,25,17,18,28,27,04,08,1035393331,283440028,6,9008492,139,84274
21112,2021-09-27,18,21,22,23,35,11,12,22,23,18,35,21,11,12,1058537381,283298709,1,10000000,61,283977
21111,2021-09-25,07,08,15,19,28,08,09,08,19,28,15,07,09,08,995038782,305345840,12,7142456,232,45015
21110,2021-09-22,11,14,29,31,32,11,12,11,29,31,32,14,12,11,1046721833,276544919,6,9131551,75,189758
21109,2021-09-20,03,04,07,27,31,06,09,07,27,04,31,03,06,09,1073585145,265547489,4,10000000,83,121850
21108,2021-09-18,05,19,22,26,35,02,06,26,35,19,05,22,06,02,1069829501,303354020,8,8614284,69,198372
21107,2021-09-15,03,05,13,20,25,07,11,13,05,20,25,03,11,07,1105541509,281751709,9,7946101,70,199664
21106,2021-09-13,02,13,14,32,34,02,12,32,34,14,02,13,02,12,1149093887,276794901,0,0,97,149583
21105,2021-09-11,07,10,11,17,18,04,09,17,07,10,18,11,04,09,1087468356,304015740,4,10000000,117,89835
21104,2021-09-08,23,25,26,30,33,03,11,26,23,25,30,33,03,11,1086226837,286479253,2,10000000,71,228429
21103,2021-09-06,04,10,23,30,31,05,11,23,30,04,31,10,11,05,1037062397,282429778,1,10000000,61,232323
21102,2021-09-04,02,08,11,16,23,02,07,16,02,11,08,23,02,07,982320278,305869819,13,7523067,117,111145
21101,2021-09-01,13,18,19,27,32,06,11,19,13,18,32,27,06,11,1043300674,281242026,6,9675934,101,105827
21100,2021-08-30,07,11,23,26,28,02,07,26,23,07,11,28,02,07,1059494717,280471793,3,10000000,96,110807
21099,2021-08-28,15,19,27,28,30,03,04,19,27,28,15,30,03,04,1062893864,303058009,1,10000000,130,128865
21098,2021-08-25,02,07,21,27,33,07,09,07,21,02,27,33,09,07,1007650453,276951852,2,10000000,62,202870
21097,2021-08-23,11,26,30,31,33,03,10,30,31,26,33,11,10,03,975519759,272897259,1,10000000,45,293323
21096,2021-08-21,07,08,10,20,21,01,05,20,10,21,08,07,01,05,927073812,297348639,10,8465507,204,69310
21095,2021-08-18,10,15,19,20,30,11,12,20,19,15,30,10,12,11,962561875,279549610,2,10000000,116,114636
21094,2021-08-16,05,06,24,27,33,05,12,33,24,06,05,27,12,05,931384310,275141551,6,9900472,77,173225
21093,2021-08-14,20,25,27,28,31,08,11,31,27,20,25,28,11,08,948527899,302609762,2,10000000,66,239598
21092,2021-08-11,12,14,27,28,34,03,07,28,14,12,34,27,03,07,907549564,281386147,2,10000000,108,111939
21091,2021-08-09,01,04,10,21,29,03,05,04,10,01,29,21,05,03,877764456,272675404,5,10000000,155,61811
21090,2021-08-07,06,07,19,26,32,06,12,32,07,06,26,19,12,06,880472277,289448960,2,10000000,236,46324
21089,2021-08-04,01,17,24,28,35,10,12,24,35,01,17,28,12,10,851200235,269906690,3,10000000,48,309133
21088,2021-08-02,02,14,31,34,35,01,07,14,35,34,02,31,01,07,822562305,264720425,2,9148546,63,197930
21087,2021-07-31,10,14,15,25,28,03,10,14,10,15,28,25,03,10,797251485,290446990,6,9400653,177,68131
21086,2021-07-28,02,03,07,16,17,06,10,03,16,17,07,02,06,10,822607828,272160233,1,10000000,71,176586
21085,2021-07-26,01,12,15,26,35,10,11,01,12,26,15,35,11,10,775634441,270848072,6,7421868,99,137086
21084,2021-07-24,02,10,14,30,33,06,09,14,02,30,10,33,09,06,763493931,290591822,6,6943989,130,92500
21083,2021-07-21,07,09,11,26,35,01,08,09,07,35,11,26,08,01,759158453,272635093,6,7329020,84,148138
21082,2021-07-19,01,14,22,29,33,03,10,14,33,01,22,29,10,03,747230175,278896069,11,7463880,89,159258
21081,2021-07-17,05,13,24,29,35,07,08,05,35,24,13,29,08,07,807325943,301662622,2,10000000,70,185428
21080,2021-07-14,15,16,20,29,30,06,10,15,20,29,16,30,06,10,767631447,276105107,8,8006507,118,91718
21079,2021-07-12,06,14,19,26,33,08,11,19,26,14,33,06,08,11,802121550,279520279,6,9906345,75,172047
21078,2021-07-10,02,08,17,19,25,01,05,17,19,08,02,25,05,01,821042099,302960803,3,9605842,91,165115
21077,2021-07-07,02,06,09,21,25,06,08,09,02,21,25,06,08,06,789285714,279629097,4,7575647,64,185350
21076,2021-07-05,06,13,22,25,26,02,04,06,25,26,22,13,04,02,775457206,281760059,2,9596268,129,92526
21075,2021-07-03,06,14,15,17,20,01,05,14,20,15,17,06,01,05,752135503,306666791,2,10000000,51,294104
21074,2021-06-30,11,14,18,20,25,03,07,20,18,11,25,14,07,03,700603888,289189592,1,10000000,84,158926
21073,2021-06-28,08,12,14,20,24,06,10,24,12,08,14,20,06,10,657298888,280274335,2,10000000,101,134102
21072,2021-06-26,02,03,15,22,26,03,11,03,22,02,15,26,03,11,627008381,303912550,3,9518742,123,117028
21071,2021-06-23,08,11,16,29,35,01,04,08,35,29,11,16,01,04,596211840,285731730,9,6287890,79,192242
21070,2021-06-21,03,20,21,22,24,06,12,03,21,20,22,24,12,06,612658365,289443325,1,10000000,59,265807
21069,2021-06-19,01,03,24,32,33,04,06,24,32,03,33,01,06,04,554239484,314771219,4,8622290,81,183547
21068,2021-06-16,02,20,21,26,30,02,10,26,30,02,21,20,02,10,527817203,291893269,13,6004435,115,108554
21067,2021-06-14,01,04,22,23,34,08,09,34,01,04,23,22,09,08,558289398,281023856,1,10000000,59,254020
21066,2021-06-12,24,26,29,34,35,09,11,29,35,34,24,26,09,11,506581578,311082841,12,5981636,317,38691
21065,2021-06-09,23,25,30,31,35,07,08,23,25,30,35,31,07,08,539311034,297780859,6,6498494,76,188581
21064,2021-06-07,01,17,19,32,34,06,10,01,34,17,32,19,06,10,546378196,294413689,2,10000000,60,229075
21063,2021-06-05,05,09,14,29,30,09,11,09,05,14,30,29,09,11,500754392,320996162,9,6029136,260,39778
21062,2021-06-02,04,06,23,32,34,05,07,32,06,34,04,23,05,07,525343538,302275847,5,8059793,71,216424
21061,2021-05-31,15,19,20,26,32,04,07,15,32,26,19,20,07,04,502877803,304392970,7,6484687,100,115599
21060,2021-05-29,09,13,25,31,33,03,07,09,33,31,25,13,07,03,509405220,328214576,8,5714074,105,2430
21059,2021-05-26,04,16,27,28,35,02,09,28,04,35,16,27,09,02,542212080,310375326,12,5810333,146,68435
21058,2021-05-24,13,15,17,23,34,01,11,17,23,13,34,15,01,11,584612592,341604964,2,10000000,53,313479
21057,2021-05-22,05,07,19,20,28,05,07,20,28,05,07,19,07,05,527921742,364226316,39,5176735,306,25278
21056,2021-05-19,03,11,16,21,26,09,10,26,11,16,03,21,10,09,789092339,339616577,9,8577701,100,152004
21055,2021-05-17,03,06,10,11,24,10,11,24,03,10,06,11,11,10,832841055,340947213,5,10000000,100,156924
21054,2021-05-15,03,06,17,20,25,03,09,03,20,25,06,17,03,09,830717938,372706677,5,10000000,112,150382
21053,2021-05-12,03,06,15,17,35,07,11,35,17,06,15,03,11,07,804585433,352261603,5,7659176,115,108825
21052,2021-05-10,02,11,13,14,30,09,12,02,14,11,30,13,12,09,786688797,346174575,6,8348700,99,159923
21051,2021-05-08,01,04,14,16,19,03,04,01,04,14,16,19,03,04,758421416,378483472,9,6297261,198,67730
21050,2021-05-05,09,22,32,33,35,05,10,32,09,33,22,35,05,10,776495377,332629347,7,9324231,106,126690
21049,2021-05-03,01,10,22,23,25,02,12,23,22,01,25,10,12,02,804858111,318983261,2,10000000,95,171835
21048,2021-05-01,04,07,17,21,27,10,12,17,04,07,21,27,10,12,743586048,361695321,11,7492512,215,65650
21047,2021-04-28,01,06,09,25,33,04,08,01,25,09,33,06,08,04,812065710,361812479,2,10000000,74,236848
21046,2021-04-26,06,08,12,14,18,06,08,14,06,08,18,12,08,06,748366613,359217248,12,5909252,113,94691
21045,2021-04-24,01,04,06,11,19,07,09,04,01,19,06,11,07,09,786177311,393747066,3,9103239,105,157653
21044,2021-04-21,06,18,31,33,35,10,11,35,06,33,31,18,10,11,748920582,363597797,11,6089993,177,76352
21043,2021-04-19,07,12,17,19,34,01,10,07,19,17,34,12,10,01,782390745,360667332,14,6968132,173,81926
21042,2021-04-17,09,15,20,23,29,04,05,23,09,15,20,29,05,04,871261627,393684367,4,10000000,156,105679
21041,2021-04-14,02,05,09,11,32,04,09,09,11,32,05,02,04,09,825740751,359992265,9,7739792,139,76002
21040,2021-04-12,02,03,09,16,19,03,07,02,19,16,03,09,07,03,870795060,359580080,8,8547328,136,99892
21039,2021-04-10,04,12,14,21,35,02,11,14,12,21,35,04,02,11,909367812,392788008,7,10000000,94,200165
21038,2021-04-07,09,11,20,29,32,01,07,20,09,29,11,32,01,07,915135531,279043760,17,6113204,199,51254
21037,2021-04-05,10,21,27,29,33,04,12,27,33,29,10,21,12,04,1031553232,265069172,8,8094047,69,188644
21036,2021-04-03,08,17,25,28,33,07,11,08,25,33,17,28,11,07,1070761233,293009078,6,9886405,277,45263
21035,2021-03-31,05,11,16,30,32,03,04,05,16,11,30,32,03,04,1087964691,282083604,6,10000000,74,184089
21034,2021-03-29,08,10,14,25,34,07,08,25,08,10,34,14,07,08,1088179028,287989728,0,0,71,194355
21033,2021-03-27,01,03,05,30,32,01,05,05,32,01,03,30,01,05,1022165135,315951286,5,10000000,68,246340
21032,2021-03-24,01,11,14,34,35,07,10,14,01,35,11,34,10,07,1024512096,294833370,3,10000000,98,159729
21031,2021-03-22,01,04,19,20,34,03,05,01,34,19,20,04,05,03,1003234237,291035602,27,5391526,430,20000
21030,2021-03-20,18,23,25,26,32,02,07,26,25,32,18,23,07,02,1159086523,310047645,6,9376324,62,244363
21029,2021-03-17,02,06,10,32,33,04,07,02,06,32,33,10,07,04,1184579106,291997028,3,10000000,256,44429
21028,2021-03-15,02,03,05,17,29,04,10,17,29,03,02,05,04,10,1148168180,290397846,5,10000000,114,114974
21027,2021-03-13,09,21,22,26,30,04,12,30,09,26,21,22,12,04,1137674691,300185659,10,7998232,179,65296
21026,2021-03-10,07,11,20,24,27,01,11,11,24,07,20,27,01,11,1173541384,276425219,2,10000000,70,166283
21025,2021-03-08,17,18,23,30,31,10,12,17,23,18,30,31,10,12,1148953396,276142896,1,10000000,50,307329
21024,2021-03-06,11,14,21,24,31,02,10,31,14,24,21,11,02,10,1099396871,290054173,3,10000000,218,47504
21023,2021-03-03,07,09,13,16,32,02,09,16,13,07,09,32,02,09,1090709659,269669045,2,10000000,70,187612
21022,2021-03-01,02,12,22,30,33,02,04,30,33,12,22,02,04,02,1060440510,267988268,2,10000000,51,302580
21021,2021-02-27,16,18,29,33,35,09,12,29,33,35,18,16,09,12,1011996707,292083963,3,10000000,74,185332
21020,2021-02-24,07,21,22,30,33,04,06,07,30,22,33,21,04,06,986653276,266285933,4,10000000,176,52410
21019,2021-02-22,01,12,13,28,29,03,04,12,01,28,13,29,03,04,989638019,268699087,1,10000000,134,76551
21018,2021-02-20,02,20,23,26,34,05,10,23,26,20,34,02,10,05,946984257,289120482,6,10000000,75,174392
21017,2021-02-08,17,21,26,29,32,02,07,21,32,29,17,26,07,02,961686810,335358205,5,10000000,75,221277
21016,2021-02-06,08,09,10,19,34,01,02,10,19,34,08,09,02,01,937156413,311054206,6,10000000,82,186837
21015,2021-02-03,04,08,17,19,25,01,07,08,25,17,04,19,01,07,945589061,272319625,10,6963705,259,37150
21014,2021-02-01,07,13,20,27,29,04,09,29,07,20,13,27,09,04,997073349,268530082,3,10000000,99,114748
21013,2021-01-30,21,27,28,30,34,08,11,30,34,27,28,21,08,11,975405451,293461597,4,10000000,59,281489
21012,2021-01-27,06,12,20,23,33,01,09,23,06,12,20,33,01,09,942151519,267411208,1,10000000,93,124142
21011,2021-01-25,06,09,11,14,21,01,03,21,06,11,14,09,01,03,903373114,264730145,2,10000000,299,35220
21010,2021-01-23,01,05,16,22,34,08,11,01,34,22,05,16,08,11,886344173,292800978,4,10000000,98,153518
21009,2021-01-20,01,03,20,29,32,05,12,20,29,32,01,03,05,12,865327652,270385175,1,10000000,103,112661
21008,2021-01-18,05,19,20,27,33,03,08,33,27,20,05,19,08,03,821084248,267627406,10,8342623,73,172279
21007,2021-01-16,05,23,30,34,35,08,10,30,34,35,23,05,08,10,854868061,290613639,3,10000000,160,81104
21006,2021-01-13,04,22,25,28,35,04,05,25,28,04,35,22,04,05,830578066,273199546,1,10000000,67,176510
21005,2021-01-11,03,07,10,12,35,03,05,12,03,10,35,07,03,05,782127364,270292542,1,10000000,77,188779
21004,2021-01-09,05,10,17,23,28,02,08,28,10,05,23,17,08,02,742165173,287870674,14,6781783,252,40037
21003,2021-01-06,07,21,28,31,35,04,10,31,28,07,21,35,04,10,811003039,271582391,6,10000000,66,182605
21002,2021-01-04,02,16,26,31,34,09,11,02,31,16,26,34,09,11,825914620,278003685,3,10000000,68,223170
21001,2021-01-02,02,06,12,19,33,08,09,02,33,19,12,06,09,08,801248467,301287873,2,10000000,103,149825
20134,2020-12-30,08,11,13,22,25,04,07,08,25,13,22,11,04,07,763061054,279450044,8,7660983,135,70426
20133,2020-12-28,11,24,26,33,35,08,09,24,35,26,11,33,08,09,802371363,278817951,2,10000000,79,125950
20132,2020-12-26,03,15,16,17,21,07,10,17,03,16,21,15,07,10,772089653,305220768,7,8732884,100,139407
20131,2020-12-23,08,25,27,29,35,02,03,35,08,25,29,27,03,02,804095086,276280604,4,7836812,84,157335
20130,2020-12-21,16,17,23,26,32,02,12,16,32,23,17,26,12,02,788606650,275873752,7,8580412,62,191821
20129,2020-12-19,10,22,27,33,34,01,11,22,27,10,33,34,11,01,816759357,299215239,2,10000000,62,265548
20128,2020-12-16,09,12,13,26,33,04,10,13,12,33,09,26,04,10,761816706,274958597,3,10000000,55,249603
20127,2020-12-14,01,04,17,18,26,03,10,18,01,26,17,04,10,03,723320954,276778645,5,6788183,51,246627
20126,2020-12-12,01,04,09,22,28,04,12,04,09,01,28,22,12,04,721797951,298548217,4,8293025,96,151985
20125,2020-12-09,01,02,03,08,22,01,04,01,22,08,02,03,04,01,699959034,275346986,2,9473073,73,188841
20124,2020-12-07,11,15,24,26,35,04,05,26,24,35,15,11,05,04,671260146,278064291,3,8940268,42,398755
20123,2020-12-05,01,07,11,15,21,04,11,07,01,15,21,11,04,11,641696961,304863915,5,7560029,163,69634
20122,2020-12-02,08,19,29,34,35,06,11,29,08,35,34,19,11,06,629576538,281651508,10,5812539,145,50433
20121,2020-11-30,09,17,27,28,35,03,08,09,35,27,17,28,03,08,658127792,278202603,12,5888553,96,115346
20120,2020-11-28,05,25,26,30,35,04,10,26,05,25,35,30,10,04,694960351,301311242,6,7151477,92,157223
20119,2020-11-25,14,22,24,28,32,07,08,22,28,14,24,32,08,07,685541779,274272049,5,6488585,63,175287
20118,2020-11-23,01,09,15,30,33,04,09,33,30,09,01,15,04,09,691143211,275653893,3,10000000,59,243507
20117,2020-11-21,07,19,20,23,24,05,10,24,07,20,23,19,10,05,657082924,295676112,6,6533726,125,82936
20116,2020-11-18,08,10,12,16,22,03,09,22,10,16,08,12,03,09,661279587,281698423,7,6651639,73,166572
20115,2020-11-16,01,09,18,19,23,01,09,18,09,23,01,19,01,09,663087702,284014718,13,5858135,161,61470
20114,2020-11-14,10,12,21,24,30,03,07,24,21,30,12,10,03,07,699754233,311221154,6,7416283,82,181463
20113,2020-11-11,06,14,18,28,33,02,05,14,18,33,28,06,05,02,686105119,281010096,5,7771898,121,105724
20112,2020-11-09,08,11,13,30,32,02,06,32,30,11,13,08,06,02,670912594,278836720,2,10000000,113,108341
20111,2020-11-07,05,07,09,20,28,02,07,28,09,05,07,20,02,07,633996339,305503745,4,7667800,110,102072
20110,2020-11-04,11,16,20,21,28,05,11,20,28,11,16,21,11,05,620860563,282491639,6,6966119,83,132491
20109,2020-11-02,02,20,21,23,32,06,12,02,21,32,23,20,12,06,616088689,278965485,1,10000000,66,193802
20108,2020-10-31,02,03,06,07,33,08,09,33,06,02,03,07,08,09,565897074,304680045,13,5881296,80,164519
20107,2020-10-28,01,04,13,17,28,03,07,13,17,28,04,01,07,03,611359962,282777346,14,5409214,193,33343
20106,2020-10-26,02,03,11,14,27,04,10,11,14,03,27,02,04,10,676948324,277207977,6,7175347,261,47698
20105,2020-10-24,03,08,12,13,22,04,12,12,13,08,03,22,04,12,669097275,301070175,4,8474471,91,143546
20104,2020-10-21,03,12,23,26,30,04,07,03,26,12,23,30,04,07,644732638,276928873,35,5543834,119,93553
20103,2020-10-19,07,12,13,19,23,02,08,23,12,19,07,13,08,02,929277059,273609545,7,10000000,182,118501
20102,2020-10-17,07,11,18,20,29,09,12,11,07,29,18,20,12,09,965450648,290224663,2,10000000,170,67717
20101,2020-10-14,03,04,05,09,34,07,09,03,09,34,04,05,09,07,942455528,270291174,5,10000000,109,118501
20100,2020-10-12,04,05,08,22,33,07,10,33,22,05,08,04,10,07,936240580,274948701,4,10000000,69,161287
20099,2020-10-10,02,03,11,15,27,04,12,03,15,02,27,11,04,12,913910111,301168262,7,9276156,177,73483
20098,2020-10-07,04,09,15,24,35,04,10,09,15,04,24,35,10,04,936316143,264989928,7,8375237,195,49312
20097,2020-10-05,05,25,27,30,34,06,12,05,27,30,25,34,06,12,963061001,225919953,8,8142371,78,118681
20096,2020-09-30,07,08,10,25,28,03,11,10,25,28,08,07,11,03,988983176,282876912,3,10000000,68,208082
20095,2020-09-28,02,18,25,26,32,02,07,25,18,32,26,02,07,02,971831929,265863829,5,10000000,113,91697
20094,2020-09-26,04,06,07,08,16,02,08,08,16,07,06,04,08,02,986269654,290322382,1,10000000,113,107925
20093,2020-09-23,06,14,25,27,28,04,11,06,25,28,27,14,04,11,939867946,279991779,1,10000000,72,200445
20092,2020-09-21,08,11,17,31,35,07,11,17,31,08,35,11,11,07,893054932,269838213,3,10000000,62,204135
20091,2020-09-19,12,16,20,23,31,05,12,20,31,12,16,23,12,05,863707287,293820005,2,10000000,82,178853
20090,2020-09-16,05,06,27,28,29,11,12,29,27,05,28,06,12,11,820939644,280443686,18,6420892,225,48126
20089,2020-09-14,13,16,20,22,27,01,02,16,13,27,22,20,01,02,910070806,274438340,2,10000000,44,336720
20088,2020-09-12,02,07,23,26,35,01,12,23,26,35,07,02,01,12,868351367,297982352,3,10000000,105,136300
20087,2020-09-09,01,04,20,23,29,04,08,29,04,23,20,01,04,08,840146318,285933804,2,10000000,55,272660
20086,2020-09-07,08,11,15,20,28,04,10,11,08,28,20,15,10,04,801056869,273366854,6,10000000,95,133505
20085,2020-09-05,03,04,11,15,28,02,03,04,03,11,15,28,02,03,817700325,295847488,19,5878445,392,20000
20084,2020-09-02,02,10,20,24,31,06,12,24,10,20,02,31,06,12,917779485,281668774,6,10000000,70,196210
20083,2020-08-31,01,02,17,32,34,04,09,32,02,01,17,34,04,09,923726886,271235594,5,10000000,56,298130
20082,2020-08-29,02,11,12,21,34,04,08,21,34,12,02,11,04,08,913232816,291838192,7,8556891,185,63356
20081,2020-08-26,01,13,15,32,35,08,10,32,15,01,35,13,08,10,941509338,266594465,2,10000000,44,319505
20080,2020-08-24,03,06,22,24,25,09,10,25,22,24,06,03,09,10,898072957,263844694,8,7392120,129,80860
20079,2020-08-22,04,16,24,29,35,02,12,29,04,35,16,24,12,02,941997905,292614622,5,10000000,78,187470
20078,2020-08-19,14,18,20,28,34,10,11,14,20,18,28,34,10,11,932733357,269949871,2,10000000,63,235153
20077,2020-08-17,17,23,28,29,32,01,03,17,28,29,32,23,03,01,890203888,270568843,0,0,65,213251
20076,2020-08-15,01,08,18,28,30,10,12,18,08,01,30,28,10,12,827752078,294292139,7,9172500,184,61724
20075,2020-08-12,02,09,10,21,35,01,07,21,10,35,02,09,07,01,848526594,271697395,4,10000000,59,217584
20074,2020-08-10,03,09,10,12,21,04,11,21,09,03,12,10,04,11,829434509,270785594,8,8240826,166,66605
20073,2020-08-08,04,10,12,23,27,08,09,23,04,27,12,10,08,09,857463717,298601828,7,9742502,129,91542
20072,2020-08-05,11,15,18,20,27,05,06,11,20,18,27,15,05,06,875748466,270501710,22,5677396,212,28888
20071,2020-08-03,01,12,16,28,33,03,12,01,12,16,28,33,12,03,992189045,269034062,7,8759262,75,171808
20070,2020-08-01,01,22,30,31,32,04,12,32,30,22,01,31,12,04,1021716141,294678230,2,10000000,47,319597
20069,2020-07-29,05,07,26,30,31,07,10,26,30,31,05,07,07,10,984516773,276270699,3,10000000,73,160051
20068,2020-07-27,15,20,23,26,33,02,08,15,33,26,23,20,02,08,963387967,275720877,5,10000000,110,110818
20067,2020-07-25,01,08,14,16,28,04,10,08,01,28,16,14,10,04,969682196,298070364,1,10000000,54,285608
20066,2020-07-22,06,14,21,34,35,03,10,34,35,14,06,21,10,03,918419472,275984921,4,10000000,56,230559
20065,2020-07-20,13,15,26,32,33,05,07,26,13,33,15,32,05,07,905602072,275339410,2,10000000,84,156336
20064,2020-07-18,05,10,23,34,35,01,11,05,10,35,23,34,01,11,864409230,306180017,3,10000000,75,195825
20063,2020-07-15,11,18,20,21,33,06,07,33,20,18,11,21,06,07,828120323,285313485,3,10000000,48,284622
20062,2020-07-13,01,05,14,23,31,02,07,14,01,05,31,23,02,07,811151382,281547455,5,10000000,66,144275
20061,2020-07-11,07,08,12,21,26,01,06,07,12,26,21,08,01,06,823114481,311505452,5,10000000,133,106145
20060,2020-07-08,12,14,25,34,35,03,12,12,25,34,35,14,12,03,840309833,293094526,7,10000000,109,112902
20059,2020-07-06,01,15,22,28,32,03,11,01,28,15,22,32,03,11,845222708,288214989,2,10000000,72,191667
20058,2020-07-04,01,15,19,26,27,05,10,01,27,26,15,19,05,10,801073308,311403757,5,9421778,137,80612
20057,2020-07-01,17,20,21,22,31,02,08,20,17,31,22,21,02,08,819749458,290961693,2,10000000,93,120838
20056,2020-06-29,03,11,25,29,34,03,06,25,03,11,34,29,03,06,788369268,293376714,2,10000000,77,185738
20055,2020-06-27,03,04,12,18,34,10,12,12,04,34,03,18,10,12,733955513,323557054,0,0,69,245252
20054,2020-06-24,11,14,15,19,20,03,07,11,20,19,14,15,03,07,652393349,316196813,8,6499570,109,119965
20053,2020-06-22,02,15,18,21,27,03,06,21,02,27,15,18,06,03,660208305,321021775,2,10000000,72,226197
20052,2020-06-20,09,11,26,28,35,06,07,26,11,28,35,09,06,07,617935816,346849702,1,10000000,109,139182
20051,2020-06-17,02,07,09,19,33,01,07,19,07,02,09,33,07,01,546514269,316737986,3,9837277,135,83927
20050,2020-06-15,03,14,16,22,34,02,06,34,16,03,22,14,02,06,519429958,319364735,3,10000000,47,338385
20049,2020-06-13,03,11,15,22,30,08,10,22,11,03,30,15,10,08,466168612,346562943,7,6767678,175,79868
20048,2020-06-10,03,09,10,15,16,07,09,09,03,10,16,15,09,07,464779671,326341634,6,6920039,92,145440
20047,2020-06-08,04,18,27,28,30,03,10,18,04,28,27,30,03,10,459553012,329244489,5,7088857,83,168127
20046,2020-06-06,15,24,27,30,34,04,12,27,34,15,24,30,12,04,450033830,356817551,2,10000000,93,167603
20045,2020-06-03,02,09,16,23,27,03,08,23,09,27,16,02,08,03,397099392,331645185,56,5129137,351,22068
20044,2020-06-01,01,03,22,28,30,02,05,03,01,28,22,30,02,05,793042322,326278357,4,7648434,79,159905
20043,2020-05-30,12,13,17,31,32,01,06,17,32,31,12,13,06,01,775887380,361785294,2,10000000,64,247923
20042,2020-05-27,03,04,05,11,22,05,06,05,11,03,04,22,05,06,712471084,329246559,73,5024350,1424,20000
20041,2020-05-25,07,13,20,29,34,04,07,13,34,07,20,29,04,07,1240028369,323641936,10,8174807,85,164840
20040,2020-05-23,02,17,20,28,29,01,07,29,28,02,20,17,01,07,1290293247,350219331,3,10000000,99,155828
20039,2020-05-20,01,05,15,22,31,02,09,01,05,22,31,15,09,02,1252426576,327734435,2,10000000,82,200203
20038,2020-05-18,04,15,20,22,24,01,09,20,24,22,15,04,01,09,1189804473,321713613,1,10000000,68,235783
20037,2020-05-16,01,04,10,11,14,02,05,04,10,01,11,14,02,05,1119552352,347550329,11,8423230,163,97469
20036,2020-05-13,01,05,11,12,26,02,07,11,01,05,26,12,02,07,1165797219,329608250,6,10000000,99,152093
20035,2020-05-11,10,11,22,26,28,02,04,28,11,10,26,22,04,02,1181117012,322907375,2,10000000,80,190608
20034,2020-05-09,11,13,20,27,31,02,04,13,20,31,11,27,02,04,1119481106,363231403,8,9891637,65,286379
20033,2020-05-06,07,19,20,31,34,05,08,34,19,20,07,31,08,05,1148417852,344128096,6,10000000,96,143208
20032,2020-05-04,02,03,09,16,32,03,04,09,32,02,16,03,03,04,1167303638,315030186,19,5845668,169,37815
20031,2020-05-02,01,02,05,15,21,04,05,02,01,05,21,15,04,05,1285895989,348801433,7,9916051,102,134204
20030,2020-04-29,01,08,17,27,30,05,06,08,01,17,30,27,05,06,1308815502,336512111,6,9047466,154,71986
20029,2020-04-27,11,14,17,22,30,07,09,11,22,17,30,14,09,07,1333962953,274347215,4,10000000,100,122739
20028,2020-04-25,04,05,28,34,35,01,08,04,35,05,34,28,08,01,1319654037,297809663,13,6757551,201,60732
20027,2020-04-22,04,07,20,25,32,03,09,32,20,25,04,07,09,03,1403985231,267026928,6,9243858,76,168946
20026,2020-04-20,03,15,26,32,34,08,12,32,26,03,34,15,12,08,1423923368,267647668,7,9777969,97,148263
20025,2020-04-18,02,14,21,22,26,05,07,22,26,21,14,02,07,05,1442053199,290980102,5,10000000,81,158628
20024,2020-04-15,03,05,06,24,30,03,07,24,03,05,30,06,07,03,1437049654,274944706,4,9810302,143,56756
20023,2020-04-13,04,11,23,26,30,01,06,11,26,23,04,30,01,06,1448119562,266526290,5,10000000,76,144157
20022,2020-04-11,04,14,20,28,35,02,03,14,04,20,35,28,02,03,1459915831,279808308,1,10000000,85,132699
20021,2020-04-08,10,12,24,31,33,04,09,31,33,10,12,24,04,09,1418256965,255667147,9,8087069,129,94599
20020,2020-04-06,08,10,12,26,32,05,09,08,10,12,26,32,05,09,1452932119,229103689,3,10000000,76,130721
20019,2020-04-04,01,12,22,23,33,01,12,01,22,33,12,23,01,12,1445697714,251571436,4,10000000,65,206046
20018,2020-04-01,09,14,16,24,26,04,12,09,16,24,26,14,12,04,1443693869,230454828,0,0,69,160807
20017,2020-03-30,01,06,07,09,10,02,11,09,06,10,01,07,11,02,1394320153,220830654,6,8730653,150,56374
20016,2020-03-28,04,08,19,31,35,01,02,35,19,08,04,31,01,02,1414113824,235862341,3,10000000,61,217312
20015,2020-03-25,01,07,23,24,26,03,07,01,07,24,26,23,03,07,1389102103,213742602,2,10000000,42,280807
20014,2020-03-23,03,07,09,17,21,03,06,09,07,17,03,21,03,06,1368119121,203414775,4,8706884,149,44032
20013,2020-03-21,01,04,05,11,35,03,09,01,04,35,05,11,09,03,1382155014,210216729,9,7976833,45,278794
20012,2020-03-18,01,06,18,32,34,01,03,34,18,06,01,32,03,01,1417484530,180512101,2,10000000,35,268738
20011,2020-03-16,02,13,19,22,23,02,07,02,22,23,13,19,02,07,1392702843,169402246,5,9096183,58,158385
20010,2020-03-14,01,08,13,24,32,02,09,13,01,08,32,24,09,02,1408398438,193022506,6,8599471,70,114765
20009,2020-01-20,19,29,31,34,35,06,10,34,19,31,29,35,10,06,1426304213,306054010,6,10000000,102,152272
20008,2020-01-18,14,17,19,24,32,01,06,17,14,24,32,19,06,01,1436007520,312604530,4,10000000,57,344283
20007,2020-01-15,02,10,19,24,30,05,08,02,10,30,19,24,05,08,1413642398,275894030,12,7162433,131,96229
20006,2020-01-13,09,22,25,31,32,08,12,22,32,09,31,25,08,12,1474266993,274628114,1,10000000,106,118123
20005,2020-01-11,06,10,33,34,35,01,03,10,34,35,06,33,03,01,1430492845,306743622,7,10000000,198,70540
20004,2020-01-08,17,20,21,29,30,05,09,20,17,21,29,30,05,09,1439766324,279672368,4,10000000,129,80526
20003,2020-01-06,23,25,26,30,34,03,07,30,23,26,25,34,07,03,1441800541,284089915,0,0,52,333491
20002,2020-01-04,03,07,18,25,30,02,07,25,18,07,30,03,07,02,1369911815,314707905,6,9908421,152,89594
20001,2020-01-01,17,25,26,32,34,04,07,26,34,17,32,25,04,07,1387021574,290178486,2,10000000,95,145642
19150,2019-12-30,07,11,12,16,33,05,07,16,07,11,12,33,07,05,1347226023,296427458,19,6819667,115,114036
19149,2019-12-28,01,02,07,33,35,06,10,01,33,02,35,07,06,10,1422864761,317712338,0,0,85,177509
19148,2019-12-25,03,04,07,11,30,08,09,11,30,04,03,07,09,08,1357789883,289764338,5,10000000,91,119722
19147,2019-12-23,09,12,19,22,33,07,08,09,12,19,22,33,07,08,1365277988,291104886,6,9568706,101,108661
19146,2019-12-21,10,11,26,33,34,01,06,34,26,33,10,11,06,01,1381880354,314007833,15,6697152,92,159122
19145,2019-12-18,05,09,19,22,32,03,05,05,32,19,09,22,05,03,1484740051,296865423,5,10000000,188,231444
19144,2019-12-16,02,05,20,28,31,02,11,02,28,31,05,20,02,11,1542864127,293207584,5,10000000,153,220193
19143,2019-12-14,04,22,23,24,32,06,12,32,22,24,23,04,06,12,1598566973,319892573,5,10000000,94,657567
19142,2019-12-11,03,04,26,29,33,06,07,29,26,03,33,04,07,06,1627275280,299921169,3,10000000,71,705678
19141,2019-12-09,02,10,20,21,35,01,12,02,21,20,10,35,12,01,1655481325,300500952,3,10000000,135,378250
19140,2019-12-07,03,07,08,25,27,03,05,27,03,25,08,07,03,05,1668432904,316440627,7,10000000,118,334833
19139,2019-12-04,01,05,07,08,11,06,10,08,11,01,05,07,06,10,1732644632,289227664,7,10000000,178,175769
19138,2019-12-02,04,06,07,20,29,02,04,04,20,07,06,29,02,04,1807797395,292541823,2,10000000,164,319280
19137,2019-11-30,03,05,12,13,26,07,12,13,05,12,03,26,12,07,1811011407,312773222,4,10000000,185,222837
19136,2019-11-27,03,16,20,26,29,03,09,03,16,26,20,29,03,09,1836618362,286999222,9,10000000,113,364978
19135,2019-11-25,04,05,19,25,26,01,11,19,05,26,25,04,01,11,1952350514,285312173,4,10000000,87,544581
19134,2019-11-23,05,06,07,14,17,10,11,07,05,17,14,06,10,11,1982686527,315940098,4,10000000,130,414036
19133,2019-11-20,03,12,24,27,34,01,12,27,24,34,12,03,01,12,2012422203,307662290,3,10000000,89,644929
19132,2019-11-18,03,05,06,13,18,10,12,13,06,18,03,05,10,12,2031322367,302574925,5,10000000,101,519792
19131,2019-11-16,05,06,14,27,29,06,10,29,06,05,27,14,10,06,2069940752,329976108,3,10000000,105,522131
19130,2019-11-13,01,13,20,21,26,04,10,01,21,13,26,20,10,04,2080589741,303550489,3,10000000,83,556878
19129,2019-11-11,10,13,18,23,30,06,12,18,13,30,23,10,06,12,2091270342,295027665,6,10000000,167,245350
19128,2019-11-09,20,21,25,34,35,03,12,25,21,34,20,35,03,12,2137001004,322813843,2,10000000,85,699443
19127,2019-11-06,04,07,08,11,16,09,11,07,16,08,04,11,11,09,2135181960,300600530,5,10000000,110,377119
19126,2019-11-04,05,09,16,18,30,04,07,05,18,16,09,30,04,07,2177652383,276082640,10,10000000,150,205967
19125,2019-11-02,05,08,09,14,34,02,05,34,09,14,05,08,02,05,2290847002,298679570,4,10000000,75,755654
19124,2019-10-30,07,17,26,27,30,06,12,27,30,17,07,26,12,06,2320815917,275959410,2,10000000,99,413450
19123,2019-10-28,03,13,15,26,30,05,12,30,26,15,03,13,05,12,2325632751,273397306,6,10000000,100,379897
19122,2019-10-26,05,19,25,31,33,10,11,05,25,19,33,31,11,10,2388431796,289532078,1,10000000,65,800691
19121,2019-10-23,01,02,03,07,17,04,10,01,17,02,03,07,04,10,2389042428,276665665,3,10000000,73,661861
19120,2019-10-21,06,15,17,22,25,01,09,06,15,17,22,25,09,01,2417531958,275763665,4,10000000,97,417655
19119,2019-10-19,03,06,09,23,34,02,11,03,06,23,09,34,02,11,2450995410,296906555,4,10000000,83,611893
19118,2019-10-16,02,03,13,19,26,02,03,26,19,13,02,03,02,03,2505219108,272734633,2,10000000,101,406469
19117,2019-10-14,01,18,21,25,35,07,08,35,25,21,01,18,08,07,2510705015,271077215,4,10000000,66,806808
19116,2019-10-12,02,10,16,21,23,02,12,16,10,02,21,23,12,02,2540591128,297819968,4,10000000,87,770679
19115,2019-10-09,01,18,21,28,32,05,12,21,18,01,32,28,05,12,2576114778,286493206,6,10000000,105,498979
19114,2019-09-30,03,05,07,20,23,04,11,23,07,03,20,05,04,11,2618860320,293032964,3,10000000,75,710140
19113,2019-09-28,03,11,27,34,35,01,02,27,03,34,11,35,01,02,2630473137,311100525,2,10000000,96,620026
19112,2019-09-25,03,10,16,21,33,05,06,33,21,03,10,16,06,05,2636508288,280910162,13,10000000,573,44488
19111,2019-09-23,06,15,20,23,27,08,10,15,23,06,20,27,08,10,2773019554,278838967,4,10000000,91,523219
19110,2019-09-21,01,19,23,24,30,04,05,19,01,24,23,30,04,05,2796874880,304148169,3,10000000,85,625724
19109,2019-09-18,02,07,08,20,25,11,12,25,20,02,07,08,11,12,2807779066,280419217,1,10000000,89,449539
19108,2019-09-16,24,27,28,31,34,04,08,27,31,24,34,28,04,08,2810944267,284940682,2,10000000,55,818390
19107,2019-09-14,05,09,19,27,35,02,03,09,05,27,35,19,02,03,2814001475,293549724,4,10000000,181,197483
19106,2019-09-11,05,08,10,32,35,02,10,32,08,05,35,10,02,10,2849290614,277501958,1,10000000,106,517027
19105,2019-09-09,01,04,09,14,17,01,06,09,04,17,14,01,01,06,2849032904,276792452,2,10000000,151,286226
19104,2019-09-07,02,07,19,22,28,03,05,22,02,07,28,19,03,05,2854646726,307889648,3,10000000,179,279809
19103,2019-09-04,05,12,22,27,32,04,07,12,05,22,27,32,04,07,2866542333,282169207,9,10000000,238,115804
19102,2019-09-02,05,10,15,19,31,03,06,31,05,19,10,15,03,06,2971122369,294439142,1,10000000,180,238519
19101,2019-08-31,05,11,18,19,27,05,06,18,19,05,27,11,06,05,2965514601,317232101,6,10000000,264,131997
19100,2019-08-28,05,08,12,19,21,06,11,12,05,19,21,08,11,06,3013571194,285699001,13,10000000,228,97237
19099,2019-08-26,04,06,18,27,33,07,09,33,04,06,18,27,09,07,3199540847,264966797,19,10000000,345,60832
19098,2019-08-24,13,15,17,19,22,03,04,17,15,22,19,13,04,03,3413905650,283264604,7,10000000,87,561592
19097,2019-08-21,10,17,20,30,35,10,12,35,20,17,10,30,10,12,3499337220,265934781,3,10000000,51,935083
19096,2019-08-19,02,12,22,23,27,02,06,22,12,23,02,27,02,06,3519455538,264716811,1,10000000,96,527784
19095,2019-08-17,03,12,17,19,31,02,06,12,31,03,19,17,06,02,3519353885,285599790,7,10000000,114,383903
19094,2019-08-14,01,12,14,26,27,07,09,01,14,12,26,27,09,07,3605111819,268760225,1,10000000,57,786871
19093,2019-08-12,16,17,26,29,35,01,07,17,16,26,35,29,01,07,3598377683,263591081,9,10000000,113,284575
19092,2019-08-10,02,11,15,27,30,02,05,27,15,11,02,30,02,05,3693574033,282457933,4,10000000,115,422984
19091,2019-08-07,04,13,20,26,28,03,12,28,04,20,13,26,03,12,3724322762,269521488,1,10000000,68,731621
19090,2019-08-05,13,19,28,30,33,02,12,13,33,28,30,19,02,12,3716328636,267395452,2,10000000,47,1057313
19089,2019-08-03,09,14,18,33,34,03,12,09,34,33,14,18,03,12,3719449575,297660456,4,10000000,83,614487
19088,2019-07-31,01,05,18,27,33,06,08,01,33,18,05,27,06,08,3755102164,270234407,7,10000000,76,627469
19087,2019-07-29,05,06,18,19,27,07,12,06,27,18,19,05,12,07,3816395392,265658108,10,10000000,144,225581
19086,2019-07-27,05,15,16,28,31,02,07,05,15,28,31,16,02,07,3904840978,288257269,15,10000000,266,103760
19085,2019-07-24,04,05,06,15,26,08,11,26,04,06,05,15,08,11,4061417388,266144001,3,10000000,97,441006
19084,2019-07-22,12,23,25,34,35,01,07,23,25,12,35,34,07,01,4085660246,267484415,2,10000000,88,639090
19083,2019-07-20,17,24,26,28,32,07,09,32,17,28,24,26,09,07,4096211433,292813014,2,10000000,108,425427
19082,2019-07-17,06,18,20,21,31,03,04,21,31,18,20,06,04,03,4117332392,271428141,7,10000000,74,611256
19081,2019-07-15,06,24,26,30,33,02,07,33,30,26,24,06,02,07,4186160785,272912117,3,10000000,58,873889
19080,2019-07-13,05,13,18,19,24,02,07,18,24,05,13,19,02,07,4212738027,296452290,6,10000000,127,306022
19079,2019-07-10,10,13,16,28,35,04,05,10,13,28,35,16,05,04,4282392620,271256673,4,10000000,75,704932
19078,2019-07-08,05,10,21,26,30,01,07,26,05,30,10,21,07,01,4306208094,272470927,0,0,117,524589
19077,2019-07-06,01,15,17,21,33,07,10,01,33,17,15,21,10,07,4306208094,293644337,1,10000000,58,893219
19076,2019-07-03,01,06,11,23,29,01,11,29,11,06,23,01,11,01,4297766552,266685847,5,10000000,68,740286
19075,2019-07-01,05,06,07,11,16,02,11,05,16,11,06,07,02,11,4329058171,264828767,4,10000000,102,360251
19074,2019-06-29,08,09,13,14,34,05,07,09,13,08,14,34,07,05,4372011525,301323048,3,10000000,90,542497
19073,2019-06-26,04,11,19,20,24,08,11,19,11,04,24,20,08,11,4382364770,271821466,2,10000000,176,176485
19072,2019-06-24,02,04,06,09,18,07,10,06,09,18,04,02,07,10,4390457898,269398842,1,10000000,81,481312
19071,2019-06-22,07,13,14,15,22,07,11,07,13,14,22,15,11,07,4386203653,295494008,5,10000000,108,412686
19070,2019-06-19,02,13,15,22,34,02,12,15,02,13,34,22,02,12,4419628452,271071777,1,10000000,43,1186548
19069,2019-06-17,08,22,23,33,34,04,06,33,08,23,34,22,06,04,4409347603,277867343,13,10000000,76,664345
19068,2019-06-15,04,05,08,17,27,06,11,17,08,05,04,27,06,11,4527560332,302523734,6,10000000,71,570619
19067,2019-06-12,03,08,11,15,16,02,10,08,15,03,11,16,02,10,4596914428,281702303,6,10000000,102,534981
19066,2019-06-10,04,10,11,18,31,05,08,31,04,11,10,18,05,08,4639229846,272861483,5,10000000,128,265113
19065,2019-06-08,03,08,10,23,27,02,12,27,23,03,08,10,02,12,4677385384,295446062,3,10000000,102,491543
19064,2019-06-05,07,08,13,19,29,11,12,07,13,19,08,29,11,12,4705583931,277172405,0,0,106,418043
19063,2019-06-03,05,08,15,18,21,04,08,21,05,08,18,15,08,04,4705583931,269890522,7,10000000,158,192105
19062,2019-06-01,05,16,23,25,28,01,12,05,25,23,28,16,12,01,4764031989,292876443,5,10000000,170,242083
19061,2019-05-29,01,02,13,14,26,05,11,01,13,02,26,14,11,05,4808403292,272417820,4,10000000,101,436775
19060,2019-05-27,01,11,12,18,21,08,10,21,12,18,01,11,10,08,4833102718,269705099,0,0,93,709472
19059,2019-05-25,07,08,15,27,32,08,12,15,32,27,08,07,12,08,4833102718,301599968,3,10000000,127,362522
19058,2019-05-22,03,10,13,14,32,07,11,32,13,10,03,14,11,07,4845045371,275571204,5,10000000,64,645666
19057,2019-05-20,08,14,16,34,35,06,12,14,35,34,16,08,06,12,4894582543,276199961,3,10000000,81,571549
19056,2019-05-18,01,07,10,12,23,06,08,12,23,07,10,01,08,06,4915397954,305996270,5,10000000,100,521758
19055,2019-05-15,02,04,06,19,22,02,06,04,22,06,02,19,06,02,4963149792,283602540,3,10000000,74,569761
19054,2019-05-13,02,18,23,27,30,05,10,27,30,18,02,23,10,05,4984758179,276149811,29,10000000,212,111076
19053,2019-05-11,01,11,19,26,35,11,12,11,01,26,19,35,11,12,5323214068,302681393,1,10000000,94,626159
19052,2019-05-08,04,10,15,20,24,07,11,15,04,20,24,10,07,11,5313363213,276499358,4,10000000,95,486630
19051,2019-05-06,11,15,16,20,29,04,08,16,11,29,20,15,08,04,5344151471,271425230,1,10000000,84,500949
19050,2019-05-04,04,15,16,20,35,03,12,04,20,16,15,35,12,03,5336065896,285832883,3,10000000,46,1084514
19049,2019-05-01,10,16,22,26,27,07,11,27,22,10,26,16,11,07,5347345506,258571922,4,10000000,101,517399
19048,2019-04-29,06,10,16,29,33,05,11,16,10,29,06,33,05,11,5385687606,277776696,5,10000000,175,229553
19047,2019-04-27,03,04,10,16,32,04,09,10,04,32,16,03,09,04,5438181602,301841890,7,10000000,107,419370
19046,2019-04-24,02,08,14,15,35,10,12,15,08,35,14,02,12,10,5516686407,279781730,5,10000000,215,198355
19045,2019-04-22,01,04,16,19,33,03,12,16,04,01,33,19,12,03,5552688626,266773843,36,10000000,263,91568
19044,2019-04-20,03,06,10,12,31,01,02,31,12,03,10,06,01,02,6008098540,297670249,3,10000000,81,687437
19043,2019-04-17,02,06,07,12,15,06,12,06,15,12,02,07,06,12,6017894922,265838829,17,10000000,68,729171
19042,2019-04-15,04,10,13,28,33,11,12,33,10,28,04,13,12,11,6274619165,266281814,6,10000000,79,555574
19041,2019-04-13,12,19,20,22,28,02,06,20,28,12,19,22,06,02,6358353641,278194830,33,10000000,67,689483
19040,2019-04-10,01,03,31,32,34,01,03,03,01,32,34,31,03,01,6679434766,256461644,11,10000000,70,685657
19039,2019-04-08,01,12,18,26,35,06,12,12,01,26,35,18,06,12,6835874897,258620074,11,10000000,68,745698
19038,2019-04-06,05,11,16,18,27,07,12,11,16,27,05,18,12,07,6935534546,273576520,3,10000000,98,457972
19037,2019-04-03,06,16,26,33,35,04,08,26,16,33,06,35,08,04,6957878946,259744189,2,10000000,597,54212
19036,2019-04-01,03,09,21,28,30,01,12,21,09,28,03,30,12,01,6962303972,264051280,3,10000000,100,447761
19035,2019-03-30,01,03,05,07,18,08,09,03,01,18,07,05,09,08,6990724179,278976389,5,10000000,185,219952
19034,2019-03-27,08,12,15,27,30,01,02,12,08,27,30,15,02,01,7043311560,263239739,2,10000000,102,443242
19033,2019-03-25,01,02,04,16,24,07,09,16,02,24,01,04,07,09,7046359232,259583444,3,10000000,35,1340977
19032,2019-03-23,01,04,07,11,30,07,08,01,11,04,30,07,07,08,7075490419,281069928,2,10000000,86,490476
19031,2019-03-20,03,08,21,26,33,04,05,33,03,26,08,21,04,05,7087941067,258941467,3,10000000,364,97104
19030,2019-03-18,07,09,13,14,33,02,04,14,07,13,33,09,04,02,7130547448,259512014,0,0,68,924270
19029,2019-03-16,01,04,18,24,28,02,03,01,24,04,28,18,02,03,7130547448,286607872,1,10000000,67,868859
19028,2019-03-13,06,22,28,29,33,02,07,28,29,33,06,22,02,07,7126442763,265043546,0,0,59,1146099
19027,2019-03-11,16,18,24,25,27,02,07,16,18,24,25,27,07,02,7126442763,258310439,1,10000000,89,506436
19026,2019-03-09,10,12,15,17,19,02,03,15,17,12,19,10,03,02,7119844630,276287254,7,10000000,125,296197
19025,2019-03-06,06,13,16,19,29,03,07,16,29,19,06,13,07,03,7214723367,254293562,1,10000000,103,342578
19024,2019-03-04,11,17,19,29,33,08,09,19,29,33,11,17,08,09,7212374715,253993953,5,10000000,79,414991
19023,2019-03-02,01,03,14,26,30,06,11,30,14,03,26,01,11,06,7266412330,271045330,1,10000000,36,1244119
19022,2019-02-27,01,04,14,15,21,01,05,04,01,21,14,15,05,01,7260411038,250698873,3,10000000,67,690336
19021,2019-02-25,07,13,17,24,33,01,10,13,24,33,07,17,01,10,7281471244,246282617,3,10000000,86,431389
19020,2019-02-23,01,08,16,27,34,03,12,08,16,27,01,34,12,03,7305795077,262801443,4,10000000,633,56048
19019,2019-02-20,04,11,19,25,32,01,02,32,19,25,04,11,01,02,7344326745,240747642,3,10000000,118,334715
19018,2019-02-18,03,18,19,26,34,06,12,34,03,18,26,19,06,12,7368392285,206286685,2,10000000,84,125429
19017,2019-02-16,01,05,07,22,25,03,04,22,05,01,07,25,03,04,7345788306,224354188,3,10000000,89,111800
19016,2019-02-13,03,05,13,16,28,02,06,13,16,03,28,05,06,02,7335987177,199463845,2,10000000,38,285331
19015,2019-02-11,02,05,10,13,30,04,06,13,02,05,10,30,04,06,7318529721,200905382,1,10000000,57,179336
19014,2019-02-02,12,14,20,28,31,09,11,14,31,28,12,20,11,09,7281902287,252453111,3,10000000,113,85181
19013,2019-01-30,08,10,15,17,18,01,08,08,10,18,15,17,01,08,7261573924,209355520,6,7771123,80,94273
19012,2019-01-28,05,09,17,18,19,07,10,05,17,18,09,19,07,10,7270412609,208049284,5,7293176,144,38914
19011,2019-01-26,04,12,13,16,17,04,09,16,17,12,04,13,04,09,7282068516,229215164,2,10000000,66,143243
19010,2019-01-23,03,07,24,25,27,02,12,27,07,24,25,03,02,12,7255514505,213767581,2,10000000,42,249760
19009,2019-01-21,03,09,15,18,26,06,12,15,18,26,03,09,12,06,7221191570,208724945,0,0,106,81098
19008,2019-01-19,03,08,17,20,24,06,11,17,03,08,24,20,06,11,7175235779,235369276,15,6366438,71,152933
19007,2019-01-16,03,12,16,29,32,01,05,12,16,03,29,32,01,05,7231975347,212856147,0,0,74,147545
19006,2019-01-14,14,17,19,25,30,04,08,17,25,14,19,30,08,04,7179104849,211569980,3,8889205,89,73858
19005,2019-01-12,21,26,27,29,34,05,06,34,29,21,27,26,05,06,7179285216,226883398,2,10000000,159,56877
19004,2019-01-09,15,16,17,31,32,03,09,16,31,15,32,17,03,09,7161063055,204580697,11,6339208,156,48698
19003,2019-01-07,04,08,18,20,32,10,12,20,18,32,04,08,12,10,7201268804,207380158,0,0,47,208522
19002,2019-01-05,02,07,14,22,31,01,07,31,14,22,07,02,07,01,7151049695,225241300,3,10000000,128,73021
19001,2019-01-02,06,18,23,26,28,03,12,28,23,26,06,18,03,12,7142421311,210010629,3,10000000,52,198774
18154,2018-12-31,14,22,23,26,30,03,05,30,23,26,22,14,05,03,7118917925,211659213,1,10000000,45,203203
18153,2018-12-29,03,06,07,08,21,01,08,21,06,03,08,07,01,08,7088689110,226088197,2,10000000,81,129621
18152,2018-12-26,02,04,05,12,28,08,11,12,28,02,04,05,11,08,7064136608,205613392,0,0,54,165467
18151,2018-12-24,04,08,18,29,30,03,07,04,29,30,18,08,07,03,7018219322,207291663,2,10000000,103,84762
18150,2018-12-22,05,12,13,31,34,10,12,13,31,34,12,05,10,12,7002968220,225791549,1,10000000,56,222053
18149,2018-12-19,01,07,10,11,20,03,06,20,07,11,10,01,03,06,6956714763,207515954,5,7744487,73,118605
18148,2018-12-17,02,06,24,33,34,02,03,33,24,02,06,34,03,02,6967866677,208136096,6,8411469,154,74522
18147,2018-12-15,01,11,26,33,35,02,10,26,01,33,35,11,10,02,6972210324,223971838,0,0,38,303491
18146,2018-12-12,03,08,09,13,33,01,02,33,13,09,03,08,02,01,6915052805,205362986,0,0,59,168531
18145,2018-12-10,09,18,29,31,33,06,11,33,18,29,31,09,06,11,6863931453,203937312,3,10000000,62,155126
18144,2018-12-08,06,17,18,24,31,07,11,17,24,31,06,18,11,07,6852100778,218318880,7,6993911,167,49772
18143,2018-12-05,04,07,20,22,33,01,02,33,07,04,22,20,01,02,6875246343,209812542,0,0,34,311374
18142,2018-12-03,19,24,28,29,34,10,11,24,34,28,19,29,11,10,6821793738,209733653,5,8947164,62,149099
18141,2018-12-01,03,07,23,26,33,04,09,03,23,07,26,33,09,04,6821675414,229878514,7,8326917,86,115479
18140,2018-11-28,01,06,08,12,15,03,04,01,12,06,15,08,04,03,6827035600,214669161,4,10000000,43,236579
18139,2018-11-26,05,11,16,28,35,06,09,05,11,35,16,28,09,06,6818142501,211260296,4,8554761,57,146124
18138,2018-11-24,01,23,24,28,33,04,05,28,23,01,24,33,04,05,6820616434,235550538,1,10000000,45,240097
18137,2018-11-21,07,10,22,23,33,08,11,33,07,22,10,23,11,08,6774793860,213366740,1,10000000,103,88777
18136,2018-11-19,03,11,12,19,21,05,11,12,21,03,19,11,11,05,6745147509,211832625,2,10000000,89,92040
18135,2018-11-17,14,19,23,27,34,06,12,14,27,23,34,19,12,06,6728041749,234501139,2,10000000,32,370365
18134,2018-11-14,04,05,19,31,35,02,12,19,05,35,04,31,02,12,6685696823,216189491,2,10000000,39,270324
18133,2018-11-12,08,12,14,15,19,01,10,14,12,15,08,19,01,10,6657631974,217396050,9,7330640,52,208470
18132,2018-11-10,03,16,22,23,27,01,04,27,16,03,22,23,01,04,6678376013,239163144,1,10000000,56,202991
18131,2018-11-07,12,14,21,32,33,02,11,33,12,32,14,21,02,11,6635339455,216536327,1,10000000,49,225327
18130,2018-11-05,03,04,16,18,25,01,11,18,03,16,25,04,11,01,6590885413,217325653,3,10000000,50,209777
18129,2018-11-03,04,07,21,22,29,03,06,21,22,29,04,07,06,03,6576364115,235940348,7,7175014,112,76600
18128,2018-10-31,11,12,14,16,26,08,09,26,14,12,11,16,08,09,6594664860,220324605,2,10000000,54,188100
18127,2018-10-29,01,03,04,11,29,08,12,03,01,11,04,29,08,12,6564347966,217690667,3,10000000,75,137148
18126,2018-10-27,11,13,15,21,27,05,06,21,11,15,13,27,06,05,6522197027,219795983,2,10000000,82,132076
18125,2018-10-24,07,16,20,21,34,04,06,16,20,07,34,21,04,06,6522197027,219795983,5,8680527,80,123236
18124,2018-10-22,08,10,12,19,20,10,11,10,20,12,08,19,11,10,6524154322,216443708,3,9217353,156,50320
18123,2018-10-20,06,09,29,32,35,02,04,29,32,09,35,06,02,04,6522610651,234208723,6,8116254,91,109271
18122,2018-10-17,08,09,21,30,31,05,12,21,08,30,31,09,05,12,6530054426,214571833,4,10000000,116,78493
18121,2018-10-15,06,07,21,29,30,01,10,21,07,30,29,06,01,10,6520734499,207915429,2,10000000,91,105372
18120,2018-10-13,21,22,25,27,30,08,09,27,30,25,22,21,09,08,6502829135,234821953,3,10000000,148,67950
18119,2018-10-10,06,09,11,16,35,02,05,16,11,35,06,09,05,02,6481977558,212932980,5,8385832,56,157655
18118,2018-10-08,04,05,14,21,34,06,09,14,34,21,05,04,06,09,6485845808,211508812,6,7363770,43,156425
18117,2018-10-06,07,11,13,22,29,03,08,29,07,13,22,11,08,03,6498990134,217651581,8,6746812,104,66007
18116,2018-10-03,01,14,17,21,33,07,10,33,21,01,14,17,07,10,6524536540,182177791,6,7638767,48,168431
18115,2018-10-01,02,06,13,18,25,01,02,25,13,18,02,06,02,01,6535370887,188986085,5,7251127,118,63538
18114,2018-09-29,12,18,26,28,29,05,06,28,18,29,26,12,06,05,6552450316,224148934,6,8262635,77,121614
18113,2018-09-26,08,12,27,31,33,04,08,12,27,08,31,33,04,08,6557535636,204939053,1,10000000,68,132991
18112,2018-09-24,03,07,08,09,29,09,10,08,29,07,09,03,10,09,6521875291,193514083,3,9319980,88,76560
18111,2018-09-22,03,16,27,28,32,04,05,28,27,03,32,16,04,05,6520081923,215472949,3,10000000,48,212799
18110,2018-09-19,06,19,21,27,28,03,11,21,06,28,27,19,11,03,6499010024,199222858,6,7219659,136,56279
18109,2018-09-17,10,16,23,25,34,02,05,16,34,10,23,25,02,05,6515974853,193599346,3,9587170,37,234571
18108,2018-09-15,09,10,24,31,32,07,12,31,09,32,10,24,07,12,6512454344,214909384,1,10000000,40,257386
18107,2018-09-12,07,08,09,10,22,03,04,22,09,08,07,10,03,04,6469261221,207148979,5,8520138,84,102992
18106,2018-09-10,04,14,17,24,31,01,04,14,04,17,24,31,01,04,6472172226,204182024,2,10000000,84,107492
18105,2018-09-08,01,16,19,20,31,02,07,31,16,20,19,01,07,02,6452487726,219284141,3,10000000,62,170599
18104,2018-09-05,01,13,14,26,28,07,11,14,13,28,01,26,07,11,6430739174,203640357,1,10000000,40,253224
18103,2018-09-03,14,24,26,28,35,02,03,14,26,24,28,35,02,03,6391571458,202609595,0,0,31,311015
18102,2018-09-01,06,07,13,22,24,10,12,22,06,24,13,07,12,10,6342068179,224197222,2,10000000,71,145812
18101,2018-08-29,03,14,15,23,29,04,05,23,29,03,15,14,04,05,6308725026,198499936,8,6369457,213,31199
18100,2018-08-27,06,20,21,26,30,06,09,21,06,26,30,20,09,06,6342598373,200023810,4,8691899,42,179521
18099,2018-08-25,12,13,16,20,21,01,07,16,13,12,21,20,01,07,6343983973,222690897,6,9356006,33,344348
18098,2018-08-22,02,15,18,25,27,05,07,18,02,15,25,27,05,07,6340719923,203730773,5,8366389,54,145237
18097,2018-08-20,10,12,14,18,23,01,04,14,10,12,18,23,04,01,6344726748,205831161,2,10000000,26,407484
18096,2018-08-18,13,14,20,28,34,06,10,13,20,34,14,28,06,10,6319451570,224999849,3,10000000,67,137285
18095,2018-08-15,07,14,18,29,35,05,12,35,07,29,18,14,12,05,6304083968,201899050,10,6232202,169,33847
18094,2018-08-13,11,16,25,30,34,08,10,16,11,25,34,30,08,10,6342519469,204437453,0,0,40,250003
18093,2018-08-11,03,11,16,18,33,03,11,03,11,16,33,18,11,03,6289602123,219900805,2,10000000,71,133969
18092,2018-08-08,05,07,14,18,19,04,10,05,19,18,07,14,04,10,6271921898,203960013,1,10000000,61,138724
18091,2018-08-06,06,22,26,28,31,01,07,26,06,31,22,28,07,01,6239379715,200209093,2,10000000,50,200300
18090,2018-08-04,06,20,24,33,34,04,11,34,20,24,33,06,04,11,6215638458,214323707,1,10000000,38,222618
18089,2018-08-01,26,27,28,32,34,06,10,26,34,27,32,28,10,06,6185259533,198789849,3,10000000,188,43376
18088,2018-07-30,08,09,21,25,33,01,08,09,33,21,08,25,08,01,6175967288,201070776,3,9965868,47,209895
18087,2018-07-28,03,14,19,23,25,01,04,03,25,23,14,19,01,04,6170422461,221733708,3,10000000,60,185287
18086,2018-07-25,16,22,24,29,31,04,05,29,31,24,22,16,05,04,6147152397,202039886,2,10000000,26,359527
18085,2018-07-23,01,02,14,25,31,05,07,31,01,02,25,14,05,07,6119215421,203720742,4,9772486,48,203649
18084,2018-07-21,06,11,17,22,35,11,12,22,06,17,11,35,12,11,6114274675,221782319,0,0,60,170820
18083,2018-07-18,07,12,25,27,28,10,11,27,07,28,12,25,11,10,6060893274,203396776,3,10000000,57,186650
18082,2018-07-16,01,02,14,17,18,08,10,01,14,02,18,17,08,10,6046964394,202664331,0,0,49,202544
18081,2018-07-14,02,10,13,21,35,01,12,02,21,35,13,10,12,01,5995484438,220990027,1,10000000,74,153574
18080,2018-07-11,07,16,24,26,31,10,11,26,16,24,31,07,10,11,5956453500,200930992,6,7560939,100,79192
18079,2018-07-09,03,04,10,27,29,01,05,27,04,03,29,10,01,05,5968985976,202323374,9,6597056,150,53079
18078,2018-07-07,07,11,12,22,30,03,06,22,12,07,11,30,06,03,5999253266,218580534,2,10000000,101,80657
18077,2018-07-04,01,06,09,15,26,08,09,06,15,26,01,09,08,09,5981630962,203843593,1,10000000,69,122792
18076,2018-07-02,07,18,28,29,32,06,08,28,07,18,29,32,08,06,5950663010,199580156,4,7818546,127,55940
18075,2018-06-30,01,06,12,20,34,04,12,06,12,34,20,01,04,12,5958857007,220535723,1,10000000,80,165012
18074,2018-06-27,03,09,12,28,30,04,12,12,28,09,03,30,12,04,5909727592,199597596,11,6048382,117,68364
18073,2018-06-25,13,19,24,25,29,02,08,13,25,19,29,24,02,08,5972044398,201563745,5,7758350,118,67694
18072,2018-06-23,05,12,17,24,26,01,02,12,05,17,26,24,02,01,5981278505,224650873,2,10000000,61,166210
18071,2018-06-20,02,05,23,30,31,03,09,30,02,31,05,23,03,09,5949658808,214566154,1,10000000,33,266396
18070,2018-06-18,02,05,10,16,30,04,07,16,10,30,02,05,07,04,5919039404,211903935,1,10000000,52,166567
18069,2018-06-16,01,08,13,21,24,02,11,08,13,24,21,01,02,11,5885037873,241142640,3,10000000,35,304461
18068,2018-06-13,08,12,16,26,33,05,06,16,12,33,26,08,05,06,5874936454,196468042,2,10000000,72,105371
18067,2018-06-11,03,07,12,18,31,07,10,12,07,03,31,18,10,07,5854895390,219756324,1,10000000,67,139612
18066,2018-06-09,01,20,23,32,33,01,04,20,33,23,32,01,01,04,5813704069,239793134,2,10000000,57,203548
18065,2018-06-06,07,10,28,31,32,08,10,28,32,07,31,10,08,10,5772639586,220810457,3,10000000,119,75369
18064,2018-06-04,01,03,04,11,29,02,04,29,01,03,04,11,02,04,5761282472,224954479,0,0,65,160419
18063,2018-06-02,05,14,15,32,34,03,10,05,32,34,15,14,03,10,5705403010,245622727,4,9167585,83,109249
18062,2018-05-30,12,14,19,23,35,02,07,14,35,12,23,19,07,02,5703821164,238259472,1,10000000,54,196831
18061,2018-05-28,04,10,12,28,31,08,11,31,12,28,10,04,11,08,5653787525,237450953,5,8898996,56,171242
18060,2018-05-26,04,22,27,29,31,02,10,27,22,04,31,29,10,02,5654020895,263797526,2,10000000,55,226490
18059,2018-05-23,01,09,10,27,35,06,11,09,35,27,01,10,11,06,5611696366,242609804,1,10000000,64,165915
18058,2018-05-21,09,11,12,26,32,04,10,09,11,12,32,26,04,10,5563764270,239072621,1,10000000,117,68635
18057,2018-05-19,13,19,22,27,28,05,06,22,19,27,13,28,05,06,5533435106,263782813,7,7295419,105,101615
18056,2018-05-16,02,04,16,28,34,05,07,34,16,02,28,04,05,07,5556714938,242284907,1,10000000,66,160241
18055,2018-05-14,03,07,20,33,34,09,10,20,33,34,03,07,09,10,5505823357,247382161,1,10000000,78,125126
18054,2018-05-12,09,10,12,20,30,01,07,12,20,09,10,30,07,01,5465203784,266905172,13,6617083,122,91172
18053,2018-05-09,11,16,21,23,25,02,12,25,23,21,11,16,12,02,5515804329,247482667,0,0,49,252575
18052,2018-05-07,05,16,18,19,25,02,07,16,18,05,25,19,02,07,5447819442,240438756,4,8985806,95,103357
18051,2018-05-05,09,18,28,29,35,03,11,18,35,28,29,09,03,11,5447396941,263978006,2,10000000,79,130027
18050,2018-05-02,22,24,26,34,35,06,12,24,34,35,26,22,06,12,5422293093,241836897,1,10000000,52,225430
18049,2018-04-30,04,07,09,10,13,06,12,04,09,07,13,10,12,06,5368233194,230788528,0,0,63,147438
18048,2018-04-28,02,03,11,20,25,02,07,03,02,20,11,25,02,07,5318104005,276622481,3,10000000,56,204437
18047,2018-04-25,03,08,10,14,20,04,08,03,08,14,20,10,04,08,5293491487,258398718,3,10000000,62,183363
18046,2018-04-23,10,20,22,29,32,05,10,20,32,29,10,22,05,10,5268370217,257284500,7,7630443,55,196032
18045,2018-04-21,02,05,20,30,35,05,09,02,35,20,05,30,05,09,5283900535,283210997,4,10000000,71,171739
18044,2018-04-18,02,04,06,18,21,05,08,04,06,02,18,21,05,08,5268779121,265929558,2,10000000,111,86924
18043,2018-04-16,03,06,13,28,33,04,11,03,06,13,33,28,04,11,5239147674,256568992,17,5925049,73,113999
18042,2018-04-14,03,19,25,29,35,05,09,25,29,03,35,19,05,09,5327068941,265007165,19,5684224,122,65084
18041,2018-04-11,01,23,25,31,33,01,12,23,25,33,31,01,01,12,5445163138,253422570,3,10000000,57,213838
18040,2018-04-09,05,07,18,27,31,01,08,18,27,31,05,07,08,01,5411665761,211513034,0,0,122,70652
18039,2018-04-07,02,07,14,29,32,10,11,14,32,07,29,02,11,10,5364269644,217344524,2,10000000,84,109752
18038,2018-04-04,14,23,25,31,32,01,03,23,31,14,25,32,01,03,5339234513,198878775,3,10000000,39,263418
18037,2018-04-02,01,03,27,30,31,02,11,27,30,01,31,03,02,11,5323867872,205790103,2,10000000,52,183389
18036,2018-03-31,11,17,18,21,27,07,08,17,18,11,27,21,08,07,5297754793,227859939,0,0,54,207387
18035,2018-03-28,05,07,10,12,24,07,11,05,24,07,10,12,11,07,5244871082,211060885,0,0,73,129707
18034,2018-03-26,08,11,22,27,32,03,07,22,08,27,32,11,03,07,5196338763,212117050,5,8607549,110,78334
18033,2018-03-24,02,03,19,23,34,04,09,19,34,23,03,02,04,09,5198381632,231061109,9,6877616,113,65866
18032,2018-03-21,07,10,17,32,35,05,12,17,32,07,10,35,05,12,5225006750,211403323,1,10000000,59,161202
18031,2018-03-19,03,08,13,17,23,05,11,23,17,13,03,08,05,11,5184093714,211527559,1,10000000,83,115734
18030,2018-03-17,05,18,21,28,32,09,11,05,28,18,32,21,11,09,5152546013,230478981,2,10000000,130,68015
18029,2018-03-14,03,09,21,25,29,01,08,21,25,03,29,09,08,01,5134052855,211962307,3,10000000,81,112385
18028,2018-03-12,04,19,25,30,35,04,07,04,19,25,30,35,04,07,5125941530,210397698,1,10000000,60,175366
18027,2018-03-10,01,18,20,21,26,04,11,01,26,18,21,20,11,04,5085962016,222637440,3,10000000,39,257805
18026,2018-03-07,01,02,03,04,30,03,05,04,01,03,30,02,05,03,5074912532,205938359,2,10000000,108,82611
18025,2018-03-05,07,08,09,15,34,07,08,09,15,34,08,07,08,07,5047617317,207433913,3,10000000,46,203072
18024,2018-03-03,02,16,24,30,32,04,07,32,02,16,30,24,04,07,5038602897,230080943,3,10000000,29,383935
18023,2018-02-28,12,13,18,21,29,02,08,13,18,29,12,21,08,02,5016451627,203587803,1,10000000,72,110789
18022,2018-02-26,02,10,19,33,35,05,06,33,19,10,35,02,05,06,4988506161,202288216,0,0,43,223044
18021,2018-02-24,05,06,08,09,15,04,11,08,06,05,15,09,04,11,4941852651,233520667,1,10000000,84,101227
18020,2018-02-14,01,10,13,14,21,09,12,21,10,01,14,13,12,09,4908324787,223552917,1,10000000,45,251143
18019,2018-02-12,10,11,19,21,28,05,12,10,21,19,11,28,05,12,4865933980,206501821,1,10000000,42,250933
18018,2018-02-10,06,08,13,24,28,06,12,28,24,08,13,06,06,12,4824492674,226108418,0,0,63,176906
18017,2018-02-07,04,19,21,23,31,04,09,31,21,23,04,19,04,09,4771863108,202520718,3,9929207,37,262613
18016,2018-02-05,01,02,12,13,23,09,12,01,12,02,23,13,09,12,4766514256,202835116,3,10000000,81,108508
18015,2018-02-03,04,13,15,18,29,05,11,13,15,18,04,29,05,11,4753653322,220572521,2,10000000,59,155659
18014,2018-01-31,14,16,18,24,31,01,08,31,24,14,16,18,01,08,4726825681,203817985,1,10000000,53,188566
18013,2018-01-29,08,24,31,33,35,07,10,24,08,33,31,35,10,07,4684812702,203090721,0,0,43,245948
18012,2018-01-27,03,22,24,29,34,07,11,29,24,22,03,34,11,07,4635213010,218599858,6,8218993,109,92558
18011,2018-01-24,03,13,15,23,26,01,10,15,03,13,26,23,10,01,4641173456,203498133,0,0,37,309639
18010,2018-01-22,24,25,26,28,29,04,12,25,28,24,29,26,12,04,4588018755,209455315,2,10000000,74,136700
18009,2018-01-20,10,12,28,30,34,03,04,30,34,28,12,10,03,04,4570009063,230281073,0,0,38,338952
18008,2018-01-17,09,15,17,20,22,10,11,09,17,15,22,20,11,10,4509562520,211879491,3,9822295,47,225457
18007,2018-01-15,03,04,28,31,34,04,11,04,28,31,34,03,04,11,4504102672,210430592,2,10000000,41,263162
18006,2018-01-13,19,20,30,32,33,03,05,19,32,20,33,30,05,03,4483250787,228876959,0,0,121,79115
18005,2018-01-10,04,09,23,24,30,08,11,30,24,23,09,04,11,08,4435847449,208354385,6,7758568,174,48824
18004,2018-01-08,04,09,22,28,30,01,10,04,30,22,28,09,01,10,4445675467,205801716,4,9787367,56,186520
18003,2018-01-06,04,21,23,24,30,09,10,30,21,23,24,04,09,10,4440647604,226801109,5,8556199,60,172793
18002,2018-01-03,12,20,23,27,34,01,06,34,12,20,23,27,06,01,4443585959,208431222,11,6484151,77,108436
18001,2018-01-01,01,13,22,25,35,03,04,13,35,01,25,22,03,04,4479674483,215274808,4,9138300,47,249848
17153,2017-12-30,01,09,24,26,34,09,12,01,26,24,09,34,09,12,4478126302,236928410,4,10000000,70,162593
17152,2017-12-27,02,04,07,23,28,02,08,23,07,28,02,04,02,08,4466541182,214887235,4,9200875,89,102532
17151,2017-12-25,05,06,23,28,32,04,05,05,23,32,28,06,04,05,4464946961,211995741,3,10000000,52,198440
17150,2017-12-23,03,06,10,13,18,09,11,10,03,06,18,13,09,11,4457502260,235911666,1,10000000,41,282679
17149,2017-12-20,10,18,19,25,26,04,12,26,19,25,10,18,12,04,4407904079,216816379,1,10000000,102,102805
17148,2017-12-18,19,27,31,32,35,11,12,27,19,31,32,35,12,11,4364959468,211263443,4,8582365,60,151203
17147,2017-12-16,05,16,17,25,34,01,11,34,25,17,05,16,01,11,4367250718,229737246,1,10000000,73,151991
17146,2017-12-13,01,05,11,14,35,09,10,05,01,35,14,11,09,10,4318480826,213122165,4,9143114,99,90710
17145,2017-12-11,04,07,17,18,19,03,10,04,18,19,17,07,10,03,4317224774,213369884,2,10000000,114,72192
17144,2017-12-09,03,21,23,29,32,10,11,23,21,29,32,03,10,11,4309699345,233101357,3,10000000,76,161804
17143,2017-12-06,06,09,24,29,32,02,07,29,24,32,09,06,02,07,4282393686,209971249,4,10000000,66,147020
17142,2017-12-04,01,05,16,19,28,02,10,01,19,05,28,16,10,02,4275347171,209153464,1,10000000,55,174921
17141,2017-12-02,02,08,21,22,29,03,05,08,21,29,02,22,05,03,4237389514,227842115,3,10000000,69,150239
17140,2017-11-29,10,16,25,26,29,01,05,16,10,29,26,25,05,01,4219678773,210287622,3,10000000,51,185752
17139,2017-11-27,02,06,19,25,32,09,12,06,25,19,32,02,12,09,4210596967,208076169,2,10000000,85,91355
17138,2017-11-25,04,07,09,20,25,02,11,20,25,07,04,09,11,02,4195563190,224706665,13,6550178,69,144104
17137,2017-11-22,01,20,22,28,29,05,07,28,01,20,29,22,07,05,4236731015,208371260,15,6019019,32,297765
17136,2017-11-20,01,11,20,21,22,03,04,22,11,01,20,21,04,03,4314495402,204621999,17,5878930,96,103245
17135,2017-11-18,01,12,15,19,22,02,04,12,01,19,15,22,04,02,4403766719,228099000,4,10000000,59,207123
17134,2017-11-15,07,18,19,32,34,02,10,32,34,18,19,07,02,10,4384046233,209089016,2,10000000,91,105156
17133,2017-11-13,15,17,19,32,33,01,03,15,33,17,19,32,01,03,4363865130,205369201,0,0,53,199420
17132,2017-11-11,11,17,23,26,27,01,10,23,27,17,26,11,01,10,4314342249,228286369,2,10000000,67,187527
17131,2017-11-08,03,05,08,19,34,01,12,34,05,08,19,03,12,01,4276365066,209769933,4,10000000,68,131810
17130,2017-11-06,05,18,28,33,34,03,04,34,18,28,33,05,03,04,4269462536,205281738,1,10000000,56,177998
17129,2017-11-04,05,17,20,32,33,04,09,20,33,32,17,05,04,09,4234584571,221400965,4,8566848,95,74828
17128,2017-11-01,09,11,13,18,33,02,03,18,13,33,09,11,03,02,4236702290,210460163,3,10000000,47,237346
17127,2017-10-30,02,15,18,21,22,03,10,22,18,21,02,15,10,03,4224508242,202014185,17,5932533,87,81089
17126,2017-10-28,03,04,13,24,33,01,11,03,13,33,04,24,11,01,4291619493,224742436,3,10000000,71,176696
17125,2017-10-25,07,11,18,26,28,04,05,28,18,26,07,11,05,04,4275162353,202527987,16,5652545,255,21874
17124,2017-10-23,03,29,30,32,35,03,08,30,29,35,03,32,08,03,4351880934,201634459,1,10000000,48,179827
17123,2017-10-21,03,15,23,26,32,01,12,23,26,03,32,15,01,12,4318722376,224279189,2,10000000,67,180135
17122,2017-10-18,03,12,18,29,34,03,11,12,03,29,34,18,11,03,4284527224,204853140,3,10000000,72,137357
17121,2017-10-16,01,06,12,26,31,01,07,01,06,12,26,31,07,01,4271765199,199583003,0,0,59,149524
17120,2017-10-14,08,15,24,26,27,05,06,27,26,08,24,15,06,05,4223045066,216330390,7,6747509,107,63449
17119,2017-10-11,05,07,13,29,35,03,08,35,29,13,05,07,03,08,4247472952,197391000,5,8296832,43,216912
17118,2017-10-09,02,07,16,20,33,03,11,33,16,07,20,02,03,11,4252457950,195121929,11,6287618,57,166932
17117,2017-10-07,05,07,09,24,32,08,10,05,09,32,24,07,10,08,4307581838,207881694,5,8668433,40,220578
17116,2017-10-04,02,27,30,32,33,01,03,02,32,30,27,33,03,01,4309435912,172984540,2,10000000,36,242412
17115,2017-10-02,14,19,20,25,31,06,08,19,14,31,25,20,06,08,4288831778,175963547,3,9023329,172,38436
17114,2017-09-30,06,07,12,18,23,01,12,06,18,12,07,23,12,01,4288325250,221457669,1,10000000,55,207498
17113,2017-09-27,05,08,17,18,23,04,12,18,23,05,08,17,12,04,4238842403,202181819,10,6601551,117,73142
17112,2017-09-25,05,06,20,31,32,06,12,06,05,31,32,20,12,06,4270235999,199283910,6,7219221,88,105157
17111,2017-09-23,02,14,17,26,34,08,12,02,34,26,17,14,08,12,4289815823,220140489,1,10000000,43,251070
17110,2017-09-20,10,14,20,21,35,02,05,20,10,14,21,35,05,02,4252044900,201794687,3,10000000,59,154052
17109,2017-09-18,06,09,19,26,34,05,07,34,19,26,06,09,05,07,4242085787,202094126,6,6758620,95,76612
17108,2017-09-16,01,04,15,21,22,04,09,21,22,01,04,15,09,04,4268598635,224635006,3,10000000,49,219374
17107,2017-09-13,04,10,19,25,27,06,12,10,04,25,27,19,06,12,4256486298,203030002,2,10000000,89,91858
17106,2017-09-11,09,12,18,23,29,02,04,09,12,29,23,18,02,04,4239006390,201806989,3,10000000,76,130216
17105,2017-09-09,04,15,22,24,32,02,09,04,32,22,24,15,09,02,4224981559,224525720,2,10000000,42,268351
17104,2017-09-06,09,11,22,27,30,09,11,27,11,22,30,09,09,11,4191982211,200139054,3,9662472,192,36073
17103,2017-09-04,04,19,20,24,29,03,04,24,29,04,19,20,03,04,4188619607,199164249,2,10000000,53,173350
17102,2017-09-02,01,12,23,24,29,08,12,24,01,23,29,12,08,12,4163837398,224707432,2,10000000,55,213587
17101,2017-08-30,05,15,21,25,29,05,08,21,25,15,05,29,05,08,4125812710,200305918,18,5495812,164,31641
17100,2017-08-28,02,05,18,19,31,01,09,18,05,19,31,02,01,09,4228046475,199482458,0,0,71,119712
17099,2017-08-26,08,09,17,18,24,03,07,24,09,18,08,17,07,03,4185748073,221193415,1,10000000,53,184138
17098,2017-08-23,06,09,17,30,35,10,11,35,06,17,09,30,11,10,4147258197,196939620,2,10000000,68,113754
17097,2017-08-21,07,14,19,22,34,07,12,19,22,07,34,14,12,07,4126211909,196473148,1,10000000,76,125007
17096,2017-08-19,03,07,09,17,28,04,12,07,28,09,03,17,04,12,4090375934,208897903,1,10000000,95,107135
17095,2017-08-16,15,32,33,34,35,03,12,32,15,33,34,35,12,03,4049665155,201396755,10,6540496,942,15000
17094,2017-08-14,03,05,08,29,33,04,08,08,33,03,29,05,04,08,4085529699,199415092,4,7965144,97,79496
17093,2017-08-12,05,06,17,21,29,02,04,29,05,21,17,06,02,04,4092641538,221236141,5,9617428,74,145415
17092,2017-08-09,03,07,09,17,34,04,05,03,34,07,09,17,04,05,4088257898,195744671,0,0,47,163459
17091,2017-08-07,01,05,07,16,19,03,12,05,01,19,07,16,03,12,4051343402,195484927,0,0,61,153078
17090,2017-08-05,03,06,15,22,35,09,11,06,03,35,15,22,11,09,4007843515,213149992,1,10000000,48,223443
17089,2017-08-02,03,05,06,15,18,03,10,06,03,18,15,05,10,03,3963658496,195804666,5,7918368,117,63221
17088,2017-07-31,05,28,31,34,35,08,09,34,35,05,28,31,08,09,3970858479,197682581,3,10000000,55,175572
17087,2017-07-29,03,14,21,29,35,02,06,29,14,35,21,03,02,06,3955355946,217653411,1,10000000,66,162144
17086,2017-07-26,12,15,18,22,31,01,08,31,18,22,12,15,08,01,3912253586,197778070,12,6160458,86,98697
17085,2017-07-24,09,13,14,25,30,02,05,30,13,09,25,14,05,02,3965099359,196537555,7,6665765,237,38310
17084,2017-07-22,06,11,14,21,31,09,12,06,21,11,14,31,12,09,3995626666,212546263,0,0,46,233159
17083,2017-07-19,02,05,14,22,34,03,09,22,02,05,14,34,03,09,3942194218,196082394,1,10000000,67,135916
17082,2017-07-17,05,13,20,21,25,08,09,21,05,25,13,20,08,09,3905756158,195165466,2,10000000,42,193952
17081,2017-07-15,02,12,15,20,34,01,06,34,02,12,15,20,01,06,3886662218,214440906,3,10000000,46,230358
17080,2017-07-12,08,10,21,30,31,02,05,30,08,21,10,31,05,02,3863295763,195562828,4,9890573,102,72884
17079,2017-07-10,01,17,19,32,33,02,11,17,19,01,33,32,11,02,3858398294,195650788,8,6846376,101,83791
17078,2017-07-08,04,05,27,31,34,03,06,05,34,27,31,04,03,06,3885958972,215807962,2,10000000,67,159068
17077,2017-07-05,01,03,04,25,31,06,09,03,04,25,31,01,09,06,3854394416,199482288,0,0,54,157657
17076,2017-07-03,02,07,25,30,35,07,12,25,35,02,30,07,07,12,3809067958,200022206,2,10000000,41,224809
17075,2017-07-01,05,11,16,18,35,01,06,35,16,11,18,05,06,01,3798166893,221784822,3,10000000,45,219558
17074,2017-06-28,08,10,11,13,17,08,11,17,11,10,08,13,11,08,3790728402,204843047,0,0,59,159161
17073,2017-06-26,07,18,28,31,33,01,02,31,18,07,33,28,01,02,3744836916,204516994,3,10000000,43,238884
17072,2017-06-24,01,03,29,32,34,02,05,32,01,03,29,34,05,02,3724273122,228833631,1,10000000,33,346418
17071,2017-06-21,01,04,11,14,33,05,07,33,01,14,04,11,07,05,3673649899,210213519,3,10000000,70,136845
17070,2017-06-19,06,16,18,26,30,02,03,26,06,16,18,30,03,02,3663920573,207995131,4,10000000,69,136834
17069,2017-06-17,10,16,20,23,32,08,11,16,32,20,23,10,11,08,3655686532,228473387,2,10000000,66,151488
17068,2017-06-14,07,08,19,24,27,06,07,19,07,24,27,08,07,06,3622286671,209829116,1,10000000,113,64040
17067,2017-06-12,10,17,18,32,35,10,11,17,18,32,10,35,11,10,3602210395,212851692,2,10000000,134,66107
17066,2017-06-10,11,15,23,26,30,02,11,26,15,30,23,11,11,02,3583202521,231593730,4,10000000,77,140834
17065,2017-06-07,05,11,12,19,28,05,12,11,28,12,05,19,12,05,3572736762,213256921,8,7305373,82,106135
17064,2017-06-05,01,08,20,27,30,03,04,08,27,30,20,01,03,04,3591742938,211131212,2,10000000,78,116875
17063,2017-06-03,18,21,22,24,29,05,11,29,21,18,22,24,05,11,3561778733,234932394,11,6287758,281,24867
17062,2017-05-31,01,04,06,08,28,08,12,06,08,01,28,04,12,08,3602783336,214270896,2,10000000,57,191426
17061,2017-05-29,10,19,23,25,30,02,04,23,10,25,19,30,04,02,3568226863,208653050,1,10000000,116,65013
17060,2017-05-27,09,15,20,26,31,05,12,15,20,31,09,26,05,12,3538189538,245007742,14,5957762,187,35879
17059,2017-05-24,08,11,13,15,17,03,10,11,13,17,08,15,03,10,3607004261,223675219,1,10000000,116,85050
17058,2017-05-22,14,18,20,21,28,03,06,20,28,21,14,18,03,06,3565690703,215638058,8,6986731,107,75857
17057,2017-05-20,12,16,19,23,24,02,05,24,19,23,16,12,05,02,3589910730,237458502,9,6930982,60,178244
17056,2017-05-17,01,04,24,27,32,03,10,24,32,01,04,27,10,03,3623470204,217496898,4,10000000,51,193013
17055,2017-05-15,19,20,22,30,33,03,09,22,19,30,20,33,03,09,3614943787,213671196,2,10000000,87,107343
17054,2017-05-13,16,29,30,32,33,04,05,16,30,33,32,29,05,04,3591834048,237276288,9,6945590,67,146223
17053,2017-05-10,06,19,20,22,26,01,11,19,26,20,06,22,01,11,3625148136,218610023,6,8272809,76,127008
17052,2017-05-08,03,19,24,28,33,04,12,24,28,33,19,03,12,04,3631157292,218340582,4,8229327,93,81082
17051,2017-05-06,14,17,18,22,29,10,11,29,22,18,17,14,11,10,3636318978,241560120,1,10000000,81,124003
17050,2017-05-03,12,14,17,20,28,02,06,14,12,17,20,28,02,06,3589897237,218534565,7,7486392,47,200246
17049,2017-05-01,09,12,14,22,31,05,08,09,31,12,22,14,08,05,3606049646,202400371,11,6055761,86,74686
17048,2017-04-29,07,09,13,15,19,03,10,09,07,15,19,13,10,03,3661625450,233285579,4,8580522,112,80226
17047,2017-04-26,15,19,32,33,34,09,12,33,19,34,15,32,12,09,3664460457,216534177,17,5811339,61,142515
17046,2017-04-24,04,17,20,23,30,02,03,23,04,30,17,20,02,03,3769992914,214822695,7,7154756,116,71833
17045,2017-04-22,01,08,11,21,35,09,12,21,08,35,01,11,09,12,3791214185,236182140,2,10000000,58,198950
17044,2017-04-19,11,16,17,18,25,02,09,25,18,11,17,16,02,09,3753218411,219158986,2,10000000,66,142780
17043,2017-04-17,06,13,22,25,35,09,12,25,35,22,13,06,12,09,3726032789,189775514,2,10000000,39,220005
17042,2017-04-15,02,17,31,33,34,01,07,02,34,31,33,17,01,07,3699831558,202920322,3,9501645,74,110653
17041,2017-04-12,02,04,06,25,31,05,09,02,25,31,04,06,09,05,3696768216,187473970,2,10000000,34,288506
17040,2017-04-10,04,06,10,23,29,09,11,04,06,10,29,23,11,09,3682847590,183016793,5,7343490,112,68767
17039,2017-04-08,05,06,14,17,26,03,08,14,17,26,05,06,03,08,3696565737,202116551,1,10000000,182,42579
17038,2017-04-05,04,05,13,18,27,03,09,05,04,27,18,13,03,09,3670337332,183323685,4,8078810,63,120249
17037,2017-04-03,13,15,16,32,34,06,11,15,32,13,34,16,11,06,3676610111,172182359,0,0,172,49161
17036,2017-04-01,01,04,09,18,33,02,05,33,01,09,04,18,05,02,3638673625,207193403,1,10000000,67,146181
17035,2017-03-29,14,17,22,30,33,07,12,17,22,33,14,30,07,12,3606190192,191121882,11,6041708,143,49967
17034,2017-03-27,06,12,21,26,29,02,11,29,12,06,26,21,02,11,3657628827,188394105,2,10000000,58,147755
17033,2017-03-25,15,22,23,25,34,05,11,23,34,15,22,25,05,11,3638317243,206676911,2,10000000,75,119443
17032,2017-03-22,02,13,14,18,29,03,09,29,13,02,18,14,09,03,3612033002,190004398,1,10000000,33,243657
17031,2017-03-20,02,16,17,30,32,02,09,16,02,32,17,30,09,02,3582956408,185528267,5,7864769,77,93890
17030,2017-03-18,21,22,24,29,34,05,06,34,22,21,29,24,06,05,3590538407,203209977,0,0,83,104627
17029,2017-03-15,01,06,14,17,29,01,11,17,06,01,29,14,11,01,3541799422,189003450,0,0,59,163414
17028,2017-03-13,06,18,22,23,33,09,11,23,22,33,18,06,11,09,3490596212,185993221,3,10000000,75,107131
17027,2017-03-11,08,17,25,33,34,03,11,25,34,08,33,17,03,11,3480957577,206383912,5,8569144,124,66308
17026,2017-03-08,10,14,19,25,32,02,07,25,14,32,10,19,02,07,3483244837,186355566,4,9734049,34,262153
17025,2017-03-06,10,16,19,20,34,04,05,34,10,20,16,19,05,04,3479144224,183593080,2,10000000,49,160881
17024,2017-03-04,21,23,29,32,35,11,12,23,32,21,29,35,11,12,3471058022,206593265,3,10000000,73,131828
17023,2017-03-01,05,08,12,24,34,07,10,34,08,12,05,24,07,10,3455027875,183366943,1,10000000,97,72605
17022,2017-02-27,02,03,09,17,24,06,12,24,17,03,09,02,06,12,3427151759,188485187,0,0,39,250053
17021,2017-02-25,01,15,17,20,26,06,08,20,01,17,26,15,06,08,3379016481,201103341,1,10000000,89,92353
17020,2017-02-22,16,21,24,27,28,04,07,27,24,16,28,21,07,04,3350612688,181168570,6,6970810,117,54136
17019,2017-02-20,02,06,14,23,25,02,10,02,23,25,14,06,10,02,3371542925,182158151,11,6272113,57,145860
17018,2017-02-18,06,07,10,17,23,01,09,10,17,07,23,06,09,01,3418876151,200875000,2,10000000,52,173164
17017,2017-02-15,04,19,24,26,29,04,06,19,24,29,26,04,04,06,3392699037,182067186,3,10000000,70,124952
17016,2017-02-13,03,13,28,30,33,09,10,03,30,33,13,28,10,09,3382818218,181455349,3,10000000,84,97252
17015,2017-02-11,01,07,19,27,34,01,02,01,19,34,27,07,01,02,3373917243,196382532,3,10000000,83,112410
17014,2017-02-08,04,08,15,24,25,02,05,04,24,15,08,25,02,05,3358297383,173798704,1,10000000,68,119082
17013,2017-02-06,05,12,17,30,34,11,12,30,17,12,05,34,11,12,3335198533,176214923,1,10000000,43,191627
17012,2017-02-04,04,05,24,26,35,07,12,35,26,05,04,24,07,12,3309200241,199177937,2,10000000,48,188622
17011,2017-01-25,05,15,21,29,34,06,09,29,34,05,15,21,09,06,3296873997,193935932,4,7753983,57,140980
17010,2017-01-23,04,10,13,18,35,01,02,35,10,13,04,18,02,01,3305544582,185249696,7,6781359,42,225866
17009,2017-01-21,05,06,08,12,22,03,04,08,06,12,05,22,03,04,3334512408,203513636,1,10000000,76,123464
17008,2017-01-18,03,04,09,25,32,02,04,25,32,09,04,03,02,04,3299550616,184148162,2,10000000,48,183841
17007,2017-01-16,08,11,17,25,27,02,04,11,17,08,25,27,02,04,3283292218,185767086,3,10000000,54,163945
17006,2017-01-14,04,06,23,32,33,05,06,32,33,06,04,23,05,06,3269026898,206891305,13,6247111,127,63619
17005,2017-01-11,05,09,20,26,35,02,11,35,26,20,05,09,11,02,3313392877,188095935,0,0,72,124767
17004,2017-01-09,05,08,11,28,31,06,07,31,08,11,28,05,06,07,3269100289,186673580,4,8648787,97,73849
17003,2017-01-07,03,05,06,13,22,09,12,05,03,22,13,06,12,09,3270524644,206276983,2,10000000,46,211393
17002,2017-01-04,07,12,14,31,34,09,11,07,34,14,31,12,09,11,3252308112,192781724,1,10000000,112,94533
17001,2017-01-02,07,09,20,31,33,08,10,09,31,33,20,07,08,10,3214884037,186624920,8,6898280,89,81529
16154,2016-12-31,06,16,17,21,29,04,06,06,29,21,16,17,04,06,3235556086,226398958,10,6729997,92,101048
16153,2016-12-28,13,18,25,29,35,03,11,13,25,18,35,29,03,11,3271932474,196228015,0,0,59,160380
16152,2016-12-26,08,17,22,24,30,05,11,08,30,22,17,24,11,05,3224085510,194727932,3,9894220,97,93852
16151,2016-12-24,04,07,11,14,21,05,12,14,11,07,21,04,12,05,3219661079,219111783,5,7764199,101,89308
16150,2016-12-21,01,10,18,24,29,07,10,01,24,18,10,29,10,07,3229738187,188065956,106,5002840,2251,15000
16149,2016-12-19,01,02,03,12,33,04,09,02,03,01,12,33,09,04,3816313703,189963373,2,10000000,96,73600
16148,2016-12-17,05,14,15,23,25,06,08,05,23,25,15,14,06,08,3806985330,210580973,3,10000000,70,136062
16147,2016-12-14,07,19,20,28,30,04,12,20,30,07,19,28,04,12,3791177687,186538144,22,5356179,413,15000
16146,2016-12-12,21,22,25,29,34,01,11,22,25,29,34,21,01,11,3915756735,191944792,4,9377831,56,182464
16145,2016-12-10,01,09,11,17,28,03,08,28,01,11,17,09,03,08,3913126519,209502660,4,8669836,224,24515
16144,2016-12-07,04,05,13,22,31,05,10,13,04,22,05,31,10,05,3914443711,191810527,3,10000000,75,113410
16143,2016-12-05,04,06,22,27,31,06,07,06,22,31,04,27,07,06,3904182884,188839857,3,10000000,59,145073
16142,2016-12-03,01,06,17,23,26,06,12,23,06,01,26,17,12,06,3899078594,208883904,1,10000000,51,206031
16141,2016-11-30,02,06,07,19,28,11,12,28,19,07,06,02,12,11,3857570669,193465971,2,10000000,91,105391
16140,2016-11-28,12,16,23,29,34,04,11,34,29,12,16,23,04,11,3845393921,188081802,9,7220551,121,79106
16139,2016-11-26,13,21,30,31,35,01,08,13,35,30,21,31,01,08,3864958511,200772078,1,10000000,42,225438
16138,2016-11-23,12,13,16,29,35,05,11,13,29,35,12,16,11,05,3826489199,179140283,2,10000000,39,226343
16137,2016-11-21,07,20,23,29,34,02,10,07,34,20,29,23,02,10,3807220445,181006344,2,10000000,63,119261
16136,2016-11-19,05,06,07,19,23,04,11,06,19,05,23,07,04,11,3791740200,204254202,2,10000000,425,15144
16135,2016-11-16,01,10,12,18,35,01,12,12,35,18,01,10,12,01,3770081323,187947049,2,10000000,59,185221
16134,2016-11-14,01,03,31,32,34,02,07,31,32,03,34,01,07,02,3741306383,185722161,3,10000000,53,163435
16133,2016-11-12,01,04,05,23,28,05,09,28,01,04,05,23,05,09,3724999633,203224114,4,8706060,38,238903
16132,2016-11-09,04,18,19,22,35,01,02,35,22,18,04,19,02,01,3726472243,180524624,2,10000000,38,243586
16131,2016-11-07,06,13,25,28,30,02,07,25,30,06,28,13,07,02,3705987913,172418049,6,7083984,89,73205
16130,2016-11-05,11,23,32,33,34,01,12,23,32,34,11,33,12,01,3722891036,200057806,10,7114758,64,147130
16129,2016-11-02,07,08,19,30,35,08,09,08,30,07,19,35,08,09,3745975912,180262598,3,9693425,91,86455
16128,2016-10-31,17,20,22,30,33,07,08,33,20,30,17,22,08,07,3742471490,178307590,5,8206736,87,86762
16127,2016-10-29,01,05,15,24,26,09,10,15,26,05,24,01,10,09,3747064984,192473077,2,10000000,28,368223
16126,2016-10-26,11,13,16,19,24,06,08,16,11,24,19,13,08,06,3727343868,176733833,4,8943883,47,171203
16125,2016-10-24,06,07,08,28,30,01,02,30,28,06,07,08,02,01,3727254222,179128075,1,10000000,76,105159
16124,2016-10-22,04,13,24,26,29,08,11,29,13,04,24,26,08,11,3693174707,191410193,0,0,36,233216
16123,2016-10-19,04,05,13,20,32,01,10,13,05,04,20,32,01,10,3651778795,179976965,0,0,74,139892
16122,2016-10-17,01,03,12,14,29,02,06,12,01,29,03,14,06,02,3603748957,178700027,0,0,39,229813
16121,2016-10-15,04,05,08,15,20,01,06,08,15,04,05,20,06,01,3559509834,196550154,5,8110981,67,128067
16120,2016-10-12,03,10,20,32,34,04,07,34,20,10,32,03,07,04,3565337019,177521772,5,8218445,45,170108
16119,2016-10-10,02,03,09,21,22,05,10,03,02,09,21,22,10,05,3569855994,175765163,4,8573445,98,87730
16118,2016-10-08,12,15,18,24,29,03,11,24,15,12,29,18,11,03,3571935089,195629351,2,10000000,123,65868
16117,2016-10-05,03,09,14,16,23,02,09,14,03,23,16,09,02,09,3557096623,159626154,5,7676957,36,200413
16116,2016-10-03,04,06,08,19,34,10,12,04,06,08,19,34,10,12,3566017216,157717027,2,10000000,22,357126
16115,2016-10-01,01,04,15,31,34,02,11,01,04,15,31,34,02,11,3547923720,188778020,0,0,43,229239
16114,2016-09-28,16,17,20,32,33,03,07,33,20,16,32,17,03,07,3502839877,173340048,6,7458089,32,240465
16113,2016-09-26,10,11,17,30,34,03,12,34,17,10,11,30,03,12,3515191923,177637883,3,10000000,56,149794
16112,2016-09-24,07,22,23,31,32,04,05,22,23,32,07,31,04,05,3502750201,199351193,1,10000000,64,130955
16111,2016-09-21,04,09,22,26,27,02,12,27,09,22,04,26,12,02,3467679525,181731808,1,10000000,92,86588
16110,2016-09-19,07,20,21,23,30,07,10,20,21,30,07,23,10,07,3442910758,179311987,8,6772123,72,92985
16109,2016-09-17,03,25,28,31,34,11,12,28,31,34,03,25,11,12,3466514047,193626665,2,10000000,50,198739
16108,2016-09-14,10,17,22,23,25,07,09,23,17,25,10,22,07,09,3437657318,173106306,7,6542310,104,50797
16107,2016-09-12,02,06,19,24,26,04,06,24,06,02,26,19,04,06,3462561196,174509999,7,6607125,44,175322
16106,2016-09-10,03,21,30,33,35,01,04,33,30,03,35,21,01,04,3493879603,191510252,6,7312443,139,52781
16105,2016-09-07,08,11,31,34,35,01,02,11,34,35,31,08,01,02,3509923337,175645150,1,10000000,55,173380
16104,2016-09-05,01,20,22,23,30,06,07,23,01,30,20,22,06,07,3475855899,176312231,3,10000000,46,196336
16103,2016-09-03,05,14,20,23,29,03,11,20,29,23,14,05,03,11,3461843842,196977631,3,10000000,76,107797
16102,2016-08-31,03,05,06,34,35,03,12,05,03,06,35,34,03,12,3449353717,177794219,0,0,55,155538
16101,2016-08-29,04,06,28,33,35,07,12,28,35,06,33,04,12,07,3405154941,176690621,1,10000000,24,379420
16100,2016-08-27,08,12,19,26,30,02,12,12,19,08,26,30,12,02,3372470173,194558808,1,10000000,145,67260
16099,2016-08-24,03,04,12,14,27,01,05,04,03,14,27,12,01,05,3337125371,176499869,1,10000000,41,229363
16098,2016-08-22,08,09,11,20,29,04,05,11,09,08,20,29,04,05,3309928561,174126611,4,7630986,101,56705
16097,2016-08-20,06,08,18,31,33,10,12,06,33,31,08,18,10,12,3318516210,194470665,1,10000000,55,182570
16096,2016-08-17,01,06,08,12,21,05,10,12,08,06,21,01,05,10,3279830818,176201944,5,7280272,63,123759
16095,2016-08-15,08,12,18,19,21,03,06,18,12,21,19,08,06,03,3296613494,172149445,2,9779074,93,71663
16094,2016-08-13,01,14,16,17,18,05,07,16,14,17,18,01,05,07,3293149626,193668600,7,7651464,47,180781
16093,2016-08-10,01,08,14,30,35,06,07,30,14,08,01,35,06,07,3305502727,174774485,5,8033290,104,68481
16092,2016-08-08,02,13,31,33,34,07,11,34,31,33,13,02,07,11,3311199962,175425164,2,10000000,44,172219
16091,2016-08-06,08,13,17,21,22,02,08,13,21,22,08,17,02,08,3290154296,194108585,3,10000000,43,193067
16090,2016-08-03,04,06,08,28,32,07,12,32,04,28,06,08,12,07,3277357768,177705779,1,10000000,40,228071
16089,2016-08-01,07,14,17,28,34,07,10,28,07,17,34,14,07,10,3245924700,173986818,0,0,57,143575
16088,2016-07-30,04,06,17,21,30,06,11,06,17,30,21,04,11,06,3206441463,191906681,1,10000000,52,157378
16087,2016-07-27,03,16,17,23,25,07,09,03,25,17,16,23,07,09,3178408229,173941407,2,10000000,57,138645
16086,2016-07-25,03,05,22,25,30,07,09,25,05,03,22,30,07,09,3165240870,170252092,2,10000000,45,163813
16085,2016-07-23,14,15,27,31,32,01,07,27,31,32,14,15,07,01,3154382762,188292705,47,5355451,97,76135
16084,2016-07-20,08,12,15,26,35,01,08,15,26,35,08,12,08,01,3379034576,168397590,0,0,35,244199
16083,2016-07-18,01,05,09,33,35,01,05,01,35,33,09,05,01,05,3337317109,172863465,6,7073427,87,71429
16082,2016-07-16,03,08,23,28,29,02,07,08,23,03,29,28,07,02,3354316977,189939641,6,7670901,76,102289
16081,2016-07-13,06,07,18,21,33,03,08,18,21,06,07,33,08,03,3364881401,171324058,1,10000000,75,94118
16080,2016-07-11,15,20,29,30,33,07,12,33,30,15,20,29,12,07,3336763346,173241722,4,9120909,54,133795
16079,2016-07-09,07,14,15,20,27,05,10,14,20,15,07,27,10,05,3335784172,192640889,2,10000000,61,145812
16078,2016-07-06,07,18,29,31,35,05,11,31,18,29,07,35,05,11,3316339129,176031216,1,10000000,48,150604
16077,2016-07-04,09,11,14,16,35,02,05,16,35,14,09,11,05,02,3290546304,174576074,1,10000000,24,362071
16076,2016-07-02,03,08,10,17,31,05,06,08,31,03,10,17,05,06,3259813305,196154295,4,9767946,51,173379
16075,2016-06-29,03,07,17,22,31,08,12,03,07,17,22,31,08,12,3255540118,176883798,4,9256229,54,163291
16074,2016-06-27,01,05,07,11,14,03,08,05,14,01,11,07,08,03,3253621821,175722061,0,0,29,308116
16073,2016-06-25,07,14,17,24,27,08,10,24,14,17,27,07,08,10,3212539589,194352348,9,6617923,216,35457
16072,2016-06-22,16,20,24,26,31,04,09,20,31,26,16,24,09,04,3244300482,175717401,2,10000000,37,196081
16071,2016-06-20,08,15,19,20,33,07,12,15,20,19,33,08,07,12,3228188881,175417801,0,0,85,90176
16070,2016-06-18,02,09,13,19,23,05,07,09,23,02,13,19,07,05,3188361100,197159296,2,10000000,57,154856
16069,2016-06-15,14,17,19,23,30,02,09,17,19,14,30,23,09,02,3168678368,178476614,0,0,43,172894
16068,2016-06-13,05,07,22,26,34,07,12,22,26,05,34,07,12,07,3130353378,177410817,2,10000000,73,105067
16067,2016-06-11,02,08,11,13,19,02,08,02,19,11,13,08,02,08,3112353931,193116655,7,6834426,61,118226
16066,2016-06-08,10,28,29,31,33,05,11,29,31,28,33,10,11,05,3134209189,174801414,2,10000000,46,218229
16065,2016-06-06,01,09,18,22,24,11,12,18,01,24,22,09,11,12,3110745172,181371568,2,10000000,38,225905
16064,2016-06-04,01,02,10,18,35,05,11,02,01,18,35,10,05,11,3091375735,203000672,1,10000000,81,118266
16063,2016-06-01,08,12,22,27,35,05,09,35,22,12,27,08,09,05,3048747028,183210569,14,5840860,64,124023
16062,2016-05-30,02,10,14,15,35,01,09,14,35,02,15,10,01,09,3132059059,188425995,1,10000000,68,135737
16061,2016-05-28,09,15,17,21,23,07,12,23,21,15,09,17,12,07,3093759024,215033704,3,13333333,52,192296
16060,2016-05-25,02,06,22,27,34,08,11,22,34,02,27,06,11,08,3077037661,196515573,1,15000000,22,400797
16059,2016-05-23,02,10,27,28,33,05,07,33,02,28,10,27,05,07,3043271917,202819144,2,15000000,61,143169
16058,2016-05-21,02,15,17,23,28,05,09,23,28,15,02,17,09,05,3014713549,229058692,4,11654117,41,250353
16057,2016-05-18,08,17,19,23,30,03,08,17,30,23,08,19,03,08,3009402657,213023494,7,9768594,93,89132
16056,2016-05-16,10,12,14,31,35,04,05,12,35,10,14,31,04,05,3032443827,210790992,3,15000000,86,99307
16055,2016-05-14,06,21,27,30,34,04,09,21,34,06,30,27,04,09,3015190001,226059390,1,15000000,52,158077
16054,2016-05-11,02,05,09,21,30,06,07,05,30,09,21,02,06,07,2979083994,205932685,1,15000000,58,141766
16053,2016-05-09,04,13,15,30,35,03,05,13,30,35,04,15,05,03,2944900065,201842185,0,0,36,232271
16052,2016-05-07,08,14,19,20,33,10,11,14,33,19,20,08,11,10,2899026352,223301686,3,14927164,166,52598
16051,2016-05-04,16,21,23,24,32,07,08,21,24,23,16,32,07,08,2893688412,207454874,1,15000000,26,321949
16050,2016-05-02,07,17,21,29,35,04,05,17,21,35,29,07,05,04,2861932628,188690604,0,0,41,199431
16049,2016-04-30,03,04,05,27,33,04,09,05,33,03,04,27,09,04,2815398495,225571411,3,12777777,31,309766
16048,2016-04-27,04,12,17,25,27,04,10,12,25,17,27,04,10,04,2796673004,211943223,7,8182563,364,15478
16047,2016-04-25,02,03,23,29,32,05,09,23,03,29,32,02,09,05,2818458597,209248189,2,15000000,63,151835
16046,2016-04-23,03,19,22,32,34,08,12,19,22,34,03,32,12,08,2802250699,234063155,1,15000000,51,210082
16045,2016-04-20,07,11,25,30,33,02,08,30,33,25,07,11,02,08,2751851987,208877948,2,15000000,79,84640
16044,2016-04-18,01,06,10,20,31,05,11,20,10,01,31,06,11,05,2741738778,209144746,1,15000000,38,220169
16043,2016-04-16,01,09,16,33,34,09,12,16,09,33,01,34,09,12,2702567559,228715316,2,15000000,55,200654
16042,2016-04-13,02,06,08,19,24,01,06,24,06,19,02,08,06,01,2664544915,214155413,6,8767057,34,306819
16041,2016-04-11,12,23,24,27,34,03,06,27,24,23,34,12,03,06,2665901627,181468695,4,8286971,57,142554
16040,2016-04-09,20,22,29,30,35,01,06,35,29,20,22,30,06,01,2670147850,195762857,2,10000000,98,98591
16039,2016-04-06,01,08,16,22,28,04,05,01,28,22,16,08,04,05,2644960121,175964032,1,10000000,128,56639
16038,2016-04-04,03,07,09,15,33,05,12,33,03,15,09,07,12,05,2619796551,162789486,1,10000000,28,290425
16037,2016-04-02,03,05,13,24,34,03,05,13,34,05,24,03,03,05,2591557138,190154993,4,9893072,39,250605
16036,2016-03-30,07,15,26,30,31,03,06,26,07,30,15,31,03,06,2586646951,178303412,2,10000000,65,111495
16035,2016-03-28,17,22,24,25,29,09,12,22,17,29,25,24,09,12,2569760622,176183863,0,0,33,269315
16034,2016-03-26,14,18,31,32,35,09,10,31,18,32,35,14,10,09,2529363336,196686078,3,10000000,38,263586
16033,2016-03-23,03,14,15,31,35,09,10,14,15,31,35,03,10,09,2511698040,176664030,2,10000000,54,147384
16032,2016-03-21,05,09,14,20,33,05,12,33,09,14,20,05,12,05,2493009722,177132305,2,10000000,57,161918
16031,2016-03-19,03,14,24,27,29,04,11,24,03,27,14,29,11,04,2476910786,199452289,3,10000000,65,157334
16030,2016-03-16,10,19,21,29,33,04,06,21,29,19,33,10,06,04,2465972725,177689118,5,7316928,66,117400
16029,2016-03-14,20,26,27,29,32,05,12,26,27,32,29,20,12,05,2479920749,171706268,3,8208990,46,119796
16028,2016-03-12,13,18,20,23,31,03,06,13,31,18,23,20,06,03,2483217739,189419722,2,10000000,37,212750
16027,2016-03-09,06,11,13,15,28,02,06,11,13,15,06,28,06,02,2463504249,165730671,1,10000000,39,200386
16026,2016-03-07,02,06,29,30,34,01,07,34,02,06,30,29,07,01,2437434650,172906063,2,10000000,33,286308
16025,2016-03-05,03,06,13,23,24,07,10,23,24,06,13,03,07,10,2414488420,189993749,7,6817484,107,60565
16024,2016-03-02,01,02,11,15,18,04,08,02,15,11,01,18,08,04,2434908381,175020852,3,10000000,31,293421
16023,2016-02-29,04,09,14,25,27,06,11,04,14,09,25,27,06,11,2423340376,172348704,3,9980529,37,244498
16022,2016-02-27,04,18,21,30,35,02,11,18,21,30,04,35,11,02,2418520496,189772716,5,8322614,53,171287
16021,2016-02-24,01,04,09,10,35,09,11,09,35,01,04,10,11,09,2423302041,172707771,3,10000000,21,432296
16020,2016-02-22,01,16,22,29,30,02,09,22,16,29,01,30,02,09,2413910892,171343959,3,10000000,45,169545
16019,2016-02-20,04,11,15,20,26,08,09,26,20,15,11,04,09,08,2404067663,190202047,4,8500974,111,64495
16018,2016-02-17,05,10,13,27,33,08,11,33,13,27,05,10,11,08,2406571046,168872599,9,6595943,81,75696
16017,2016-02-15,11,18,24,28,29,05,10,29,28,24,18,11,05,10,2435071508,164715457,1,10000000,32,203318
16016,2016-02-06,03,10,22,29,32,02,05,22,03,32,10,29,05,02,2412371190,219513959,0,0,110,97760
16015,2016-02-03,01,04,10,13,30,03,09,30,13,01,04,10,09,03,2358276843,175834905,1,10000000,50,126080
16014,2016-02-01,06,08,21,24,27,02,10,06,21,24,08,27,10,02,2336966940,167498517,1,10000000,37,218384
16013,2016-01-30,03,21,23,31,35,02,11,03,21,23,31,35,11,02,2308385677,196083786,4,9581482,40,246681
16012,2016-01-27,05,07,11,23,28,03,12,23,05,28,07,11,03,12,2304563180,174347733,3,9927745,68,120953
16011,2016-01-25,02,08,10,15,23,05,10,15,10,08,02,23,05,10,2299985144,165598768,4,8455618,48,152113
16010,2016-01-23,12,13,15,16,28,02,05,13,28,15,12,16,02,05,2302754070,186070936,6,7946166,32,274772
16009,2016-01-20,05,08,10,17,20,02,12,05,20,17,08,10,12,02,2311006265,176511721,2,10000000,55,127973
16008,2016-01-18,05,12,31,34,35,04,05,35,12,05,31,34,05,04,2298400864,178354713,3,8861198,76,84999
16007,2016-01-16,02,05,14,32,35,01,03,32,05,02,35,14,03,01,2298709549,202035521,0,0,39,303989
16006,2016-01-13,14,16,17,22,24,02,09,16,17,14,22,24,02,09,2247031342,180497252,3,9007208,31,298056
16005,2016-01-11,06,09,12,15,20,08,11,09,06,20,15,12,11,08,2246550937,169105644,6,6921443,123,43518
16004,2016-01-09,10,20,23,32,35,09,10,10,23,20,32,35,09,10,2264943524,191871662,1,10000000,41,221591
16003,2016-01-06,04,12,17,22,26,06,07,04,12,22,17,26,07,06,2227670567,175147656,3,8789527,59,126551
16002,2016-01-04,07,12,18,25,35,07,09,07,12,25,35,18,09,07,2228413817,173986996,2,10000000,91,76006
16001,2016-01-02,01,07,19,20,30,05,10,07,30,20,19,01,05,10,2210663926,191171493,0,0,83,90901
15153,2015-12-30,01,07,22,27,33,02,11,27,01,22,07,33,02,11,2174681996,177341413,3,9835181,52,183393
15152,2015-12-28,04,05,22,29,35,02,11,35,05,22,29,04,02,11,2169835751,173577818,1,10000000,34,270382
15151,2015-12-26,15,16,18,30,35,01,07,16,30,35,15,18,01,07,2137475851,197782412,2,10000000,45,194264
15150,2015-12-23,04,13,18,25,33,03,07,33,18,13,04,25,07,03,2118309429,175439825,4,8586173,58,120005
15149,2015-12-21,04,06,10,12,28,02,08,06,28,10,04,12,08,02,2120052540,172292839,1,10000000,41,191574
15148,2015-12-19,08,11,27,31,33,08,09,33,11,08,27,31,08,09,2090620190,186856040,3,8288276,36,207954
15147,2015-12-16,01,02,13,18,19,08,10,01,13,02,19,18,08,10,2094531807,167621529,0,0,149,39141
15146,2015-12-14,04,15,19,27,31,04,11,19,31,15,27,04,04,11,2058880835,168450253,8,7328084,62,137282
15145,2015-12-12,06,07,20,29,32,11,12,20,32,07,29,06,12,11,2075176701,186825762,0,0,60,143786
15144,2015-12-09,01,09,24,26,29,06,11,09,29,24,01,26,11,06,2031681187,164903129,6,7225565,53,142351
15143,2015-12-07,09,20,31,33,35,10,11,20,35,33,31,09,11,10,2047286906,170425278,0,0,38,219379
15142,2015-12-05,12,14,22,26,30,03,06,12,26,22,30,14,03,06,2006518972,178123661,1,10000000,35,236599
15141,2015-12-02,02,04,15,19,31,02,03,04,19,02,31,15,02,03,1982691329,169075319,2,10000000,37,214588
15140,2015-11-30,01,11,15,26,35,06,11,01,15,11,35,26,06,11,1964244295,166263824,2,10000000,40,203372
15139,2015-11-28,02,03,05,25,32,05,07,05,02,03,32,25,05,07,1947298377,183764171,3,9633388,55,170653
15138,2015-11-25,01,16,20,29,32,04,07,01,29,32,20,16,04,07,1943530802,165225737,1,10000000,19,458746
15137,2015-11-23,14,17,21,23,26,08,11,23,17,26,14,21,08,11,1912625918,163579669,6,6668934,163,33527
15136,2015-11-21,05,20,23,29,32,02,10,20,29,05,23,32,10,02,1931606870,183355072,0,0,29,313506
15135,2015-11-18,05,16,20,25,29,06,08,16,25,05,20,29,08,06,1885887140,169937109,3,8326096,55,103016
15134,2015-11-16,01,02,06,15,35,04,07,35,01,02,15,06,04,07,1888647564,166723168,1,10000000,44,166325
15133,2015-11-14,03,07,08,25,30,04,08,25,07,03,08,30,04,08,1864412215,183154237,2,10000000,65,107549
15132,2015-11-11,03,08,14,18,27,01,05,03,08,18,14,27,05,01,1847218046,167451867,4,7217938,73,77107
15131,2015-11-09,11,17,19,20,27,02,03,19,17,27,11,20,02,03,1859845621,165318307,1,10000000,34,258876
15130,2015-11-07,17,25,31,32,34,02,12,31,17,32,34,25,02,12,1829288227,180690724,0,0,42,224534
15129,2015-11-04,01,06,23,25,29,03,09,01,29,25,06,23,03,09,1787749312,168098239,0,0,47,162217
15128,2015-11-02,10,12,23,30,32,03,04,30,32,23,12,10,04,03,1745843042,163647991,0,0,58,140554
15127,2015-10-31,09,11,14,19,30,03,08,09,19,11,30,14,08,03,1707307787,177658247,2,10000000,51,150417
15126,2015-10-28,04,05,08,09,21,03,06,05,21,04,09,08,03,06,1688575292,167281836,2,10000000,39,193674
15125,2015-10-26,02,03,15,17,28,08,10,02,28,17,03,15,10,08,1676808840,161220270,0,0,66,103509
15124,2015-10-24,04,06,12,31,32,03,06,06,04,12,31,32,06,03,1644462021,178740598,1,10000000,46,183164
15123,2015-10-21,04,15,27,29,30,02,10,04,29,30,27,15,10,02,1617571033,162261394,2,10000000,29,279909
15122,2015-10-19,11,13,15,26,35,06,11,11,26,35,15,13,06,11,1598150469,163688001,1,10000000,36,222914
15121,2015-10-17,02,04,17,27,28,04,06,04,28,27,17,02,04,06,1574025843,183528820,1,10000000,65,124178
15120,2015-10-14,01,09,15,24,32,05,10,09,24,15,32,01,05,10,1542943366,163693770,12,5286036,146,15000
15119,2015-10-12,01,08,12,16,21,06,11,21,12,08,01,16,06,11,1612482645,161118237,2,10000000,73,99442
15118,2015-10-10,03,07,20,24,31,04,09,31,20,07,24,03,04,09,1598506448,179404233,1,10000000,35,234588
15117,2015-10-07,06,17,20,30,33,10,11,20,06,33,30,17,11,10,1571949674,150716634,1,10000000,27,282630
15116,2015-10-05,07,10,19,24,33,03,07,10,33,19,07,24,07,03,1546620811,140096862,1,10000000,107,57318
15115,2015-10-03,08,12,13,14,16,03,09,12,14,08,16,13,03,09,1524904832,156838517,2,10000000,51,132995
15114,2015-09-30,09,18,24,31,34,02,10,31,24,09,34,18,02,10,1512320825,153812339,2,10000000,30,287412
15113,2015-09-28,01,14,21,29,33,02,10,01,14,21,29,33,10,02,1491364543,155983901,1,10000000,55,133177
15112,2015-09-26,04,05,15,19,28,04,11,19,15,05,28,04,11,04,1466183380,173737414,12,6132899,72,83506
15111,2015-09-23,07,08,16,24,28,03,10,16,24,07,08,28,10,03,1508880896,155902332,1,10000000,42,145692
15110,2015-09-21,02,07,10,22,30,07,11,02,10,07,30,22,07,11,1495014019,156934105,3,8796319,78,91163
15109,2015-09-19,01,06,11,22,31,03,12,01,06,31,22,11,12,03,1495720964,175266499,1,10000000,29,292108
15108,2015-09-16,01,13,16,26,31,07,12,26,16,13,31,01,07,12,1462391575,161998296,1,10000000,32,250464
15107,2015-09-14,03,23,25,28,29,06,07,23,28,03,25,29,07,06,1433360911,156081037,2,9681100,72,74257
15106,2015-09-12,02,11,13,22,30,02,03,13,02,11,22,30,03,02,1430870722,177777720,3,10000000,77,109179
15105,2015-09-09,08,09,15,21,27,05,09,15,21,08,27,09,09,05,1420929062,158749270,8,6255530,79,76255
15104,2015-09-07,16,19,25,30,34,04,09,19,34,30,25,16,04,09,1456310407,160775788,4,9165291,33,233023
15103,2015-09-05,07,09,15,25,34,04,10,15,34,09,07,25,10,04,1455105281,171173990,4,8219715,45,144777
15102,2015-09-02,11,14,15,33,34,03,12,33,15,11,34,14,03,12,1459255310,162086829,3,10000000,42,198786
15101,2015-08-31,06,12,17,18,32,07,12,32,06,17,18,12,12,07,1449994950,158243139,2,10000000,60,113139
15100,2015-08-29,09,15,18,23,32,05,07,09,15,23,32,18,05,07,1439790281,178385394,0,0,66,119913
15099,2015-08-26,09,12,14,22,25,05,10,25,22,09,14,12,10,05,1401717848,163494555,1,10000000,60,118781
15098,2015-08-24,09,14,21,27,33,06,09,14,33,27,09,21,06,09,1376083288,158809204,5,7392129,123,44562
15097,2015-08-22,04,16,17,26,27,01,04,26,17,16,04,27,01,04,1385860648,177707072,11,5995473,295,20461
15096,2015-08-19,03,09,12,18,21,02,06,03,12,21,09,18,02,06,1435883288,160650698,4,8099057,76,82721
15095,2015-08-17,08,14,26,34,35,05,10,14,35,34,26,08,05,10,1440739717,154621807,2,10000000,51,95306
15094,2015-08-15,02,03,10,11,29,03,07,11,29,03,02,10,03,07,1435245222,173594229,5,7249018,57,141399
15093,2015-08-12,16,17,25,26,27,02,04,25,26,27,16,17,04,02,1451063553,156928961,3,8805364,95,53680
15092,2015-08-10,02,14,21,27,34,05,08,34,27,02,21,14,08,05,1451533975,152197701,2,10000000,41,169675
15091,2015-08-08,02,07,28,29,30,03,07,07,30,28,02,29,07,03,1443881668,169440511,12,5702251,91,60709
15090,2015-08-05,06,09,11,17,21,06,08,21,11,09,06,17,06,08,1512866237,155099232,4,8039435,76,84924
15089,2015-08-03,05,12,18,20,27,10,12,18,27,20,05,12,12,10,1518071721,150454358,0,0,59,127971
15088,2015-08-01,05,15,28,31,34,11,12,15,31,28,05,34,11,12,1483412687,169930972,2,10000000,24,381203
15087,2015-07-29,02,05,15,17,22,01,11,02,22,05,15,17,01,11,1470621295,155740439,2,10000000,29,261627
15086,2015-07-27,05,09,11,15,32,04,09,32,11,09,15,05,09,04,1464467336,150984971,2,9941256,51,90748
15085,2015-07-25,02,03,04,06,16,03,12,03,06,16,02,04,12,03,1461889590,170011903,1,10000000,43,211670
15084,2015-07-22,10,20,21,32,34,06,07,20,32,21,34,10,07,06,1426556903,156104489,2,10000000,56,112914
15083,2015-07-20,14,16,19,25,29,10,12,19,29,16,25,14,10,12,1413999921,155306617,1,10000000,28,283125
15082,2015-07-18,08,15,28,31,33,03,06,28,08,33,31,15,03,06,1386721781,171399172,0,0,73,95920
15081,2015-07-15,03,04,10,13,17,05,09,04,17,03,10,13,09,05,1354908004,156405464,3,9998951,28,258864
15080,2015-07-13,14,20,29,30,32,03,08,20,32,30,29,14,03,08,1350821094,153920898,19,5197889,107,18135
15079,2015-07-11,01,09,17,23,24,04,05,09,01,24,23,17,04,05,1449582407,171422165,2,10000000,43,185287
15078,2015-07-08,19,24,26,28,33,01,02,28,19,33,24,26,01,02,1439120707,161483265,1,10000000,31,288085
15077,2015-07-06,01,16,17,22,28,02,09,16,28,22,01,17,02,09,1410707518,157870045,3,9859169,68,83173
15076,2015-07-04,03,19,21,31,34,05,12,19,03,21,34,31,12,05,1407154321,177379432,3,10000000,35,249391
15075,2015-07-01,13,14,26,27,33,10,12,14,27,13,33,26,10,12,1400549959,160238358,1,10000000,28,277900
15074,2015-06-29,01,12,21,27,33,04,09,21,01,12,33,27,09,04,1369791223,160608454,0,0,26,309662
15073,2015-06-27,09,26,27,30,34,01,06,09,27,26,34,30,06,01,1328502863,179205990,4,8771668,43,186288
15072,2015-06-24,19,20,21,31,33,09,10,33,20,21,19,31,09,10,1329421453,171587332,18,5501180,255,21892
15071,2015-06-22,04,06,13,16,34,04,10,04,06,13,16,34,04,10,1431495361,163767077,2,10000000,58,125216
15070,2015-06-20,03,09,12,17,18,04,12,03,09,12,17,18,04,12,1414660916,182602893,1,10000000,56,162612
15069,2015-06-17,02,09,11,22,25,01,07,02,25,11,22,09,01,07,1381432966,169115808,7,6772403,120,50393
15068,2015-06-15,02,03,20,31,35,04,08,02,35,20,31,03,08,04,1402288984,169586611,3,10000000,27,348239
15067,2015-06-13,04,10,18,24,27,04,11,18,04,27,24,10,04,11,1393017834,188803797,7,7405864,87,100741
15066,2015-06-10,01,03,07,13,29,02,10,03,01,29,07,13,10,02,1407746553,174501895,1,10000000,35,277368
15065,2015-06-08,04,05,07,13,35,08,11,04,05,07,35,13,11,08,1371749617,168372417,2,10000000,48,160379
15064,2015-06-06,02,08,20,28,31,07,10,02,20,31,08,28,07,10,1358857647,186654146,3,9677929,64,129013
15063,2015-06-03,01,04,06,34,35,02,04,06,01,35,04,34,04,02,1355424220,173199270,0,0,40,260988
15062,2015-06-01,06,07,13,14,15,01,04,15,14,07,06,13,01,04,1309316213,167993435,1,10000000,62,156532
15061,2015-05-30,06,07,08,16,22,02,10,16,06,08,22,07,10,02,1275356607,188282124,5,8020321,66,118278
15060,2015-05-27,16,24,25,26,33,04,11,24,25,26,33,16,11,04,1281829945,177925335,7,7205019,64,114390
15059,2015-05-25,07,09,19,23,32,01,03,09,19,23,07,32,03,01,1297185227,171661517,1,10000000,69,101924
15058,2015-05-23,10,14,20,27,30,07,12,27,20,10,14,30,12,07,1272415378,191940346,1,10000000,33,261318
15057,2015-05-20,01,05,07,14,26,04,06,26,14,05,01,07,06,04,1239297755,178811732,0,0,39,180771
15056,2015-05-18,06,12,19,26,35,03,10,19,35,26,12,06,03,10,1203143440,175035185,5,8023380,45,198149
15055,2015-05-16,06,11,14,20,30,05,10,20,14,30,06,11,05,10,1210286220,193677838,9,6232010,90,64180
15054,2015-05-13,02,09,15,24,34,03,09,09,34,15,24,02,03,09,1245292482,184055388,7,6893459,100,83843
15053,2015-05-11,08,25,28,29,32,04,07,29,25,32,08,28,04,07,1268085740,172582965,3,9529078,65,121164
15052,2015-05-09,13,19,24,27,29,07,08,13,24,19,27,29,07,08,1265334320,196811203,1,10000000,78,121149
15051,2015-05-06,01,02,11,16,21,01,05,21,11,01,02,16,01,05,1237114602,185896288,2,10000000,88,96353
15050,2015-05-04,06,07,10,20,28,02,07,06,28,07,20,10,07,02,1214317771,161208064,3,8749315,232,19526
15049,2015-05-02,08,09,11,15,22,08,10,22,15,09,11,08,08,10,1215002201,167521507,2,10000000,45,173163
15048,2015-04-29,10,11,22,24,33,02,09,11,22,10,33,24,09,02,1201607522,160313095,4,7786959,42,168906
15047,2015-04-27,01,02,17,23,31,05,12,31,02,23,17,01,12,05,1209162913,161867018,2,10000000,80,90656
15046,2015-04-25,05,07,10,22,26,04,10,05,26,22,10,07,04,10,1197238200,176335782,9,6089599,146,38854
15045,2015-04-22,08,09,22,29,30,08,12,08,22,30,09,29,12,08,1236261155,163552645,3,8781839,197,29586
15044,2015-04-20,16,18,27,31,33,01,03,31,16,27,18,33,01,03,1236933448,160136919,0,0,63,126723
15043,2015-04-18,02,20,22,25,29,02,07,29,22,02,20,25,02,07,1201450734,179164202,2,10000000,38,221391
15042,2015-04-15,03,07,12,17,24,02,11,12,24,17,07,03,02,11,1178648370,160724766,5,7367374,74,83501
15041,2015-04-13,01,11,21,23,28,01,10,21,28,23,01,11,01,10,1189775444,157324325,21,5397755,149,42414
15040,2015-04-11,02,09,10,23,35,09,12,02,10,23,35,09,12,09,1338069698,174893028,1,10000000,55,146158
15039,2015-04-08,03,06,07,16,25,01,06,07,03,06,25,16,01,06,1310555606,156374573,0,0,46,168727
15038,2015-04-06,12,19,22,31,35,07,08,35,12,22,19,31,08,07,1275685338,144104641,2,10000000,65,119378
15037,2015-04-04,10,16,21,28,31,07,08,21,16,31,10,28,08,07,1266667677,166837072,2,10000000,74,102228
15036,2015-04-01,14,18,20,23,24,04,08,23,24,20,14,18,04,08,1251569256,154432386,1,10000000,32,209153
15035,2015-03-30,22,24,29,30,35,01,10,35,30,24,22,29,10,01,1230022010,158651414,2,10000000,88,79623
15034,2015-03-28,04,08,15,18,26,05,09,15,08,18,26,04,09,05,1218836194,177041373,5,7831863,73,99655
15033,2015-03-25,03,17,22,26,28,03,07,22,28,26,03,17,07,03,1226652726,157398348,0,0,44,145171
15032,2015-03-23,06,21,25,27,30,07,11,30,25,27,21,06,11,07,1196045799,154307257,2,10000000,62,100026
15031,2015-03-21,07,21,29,32,33,04,12,33,32,29,21,07,04,12,1185204347,174951434,3,10000000,60,132219
15030,2015-03-18,09,18,19,26,31,02,05,19,26,31,18,09,02,05,1177191244,155910978,1,10000000,76,81195
15029,2015-03-16,07,10,19,30,35,03,05,30,07,10,19,35,03,05,1156201713,156821118,0,0,74,84674
15028,2015-03-14,03,09,28,32,33,09,10,28,32,09,33,03,10,09,1125436730,168916049,4,7727358,107,55009
15027,2015-03-11,05,21,22,25,28,03,10,28,22,21,25,05,10,03,1132469279,152329023,1,10000000,48,144395
15026,2015-03-09,11,13,14,15,22,02,08,13,14,11,15,22,08,02,1108175348,148668212,6,6864076,37,161249
15025,2015-03-07,07,10,20,22,27,10,11,07,10,22,27,20,11,10,1127093621,165356211,2,10000000,57,125572
15024,2015-03-04,02,06,08,16,34,03,04,08,16,34,02,06,04,03,1110363550,145281488,0,0,26,273733
15023,2015-03-02,06,09,11,12,22,03,11,11,06,22,09,12,11,03,1075234387,145197189,1,10000000,83,71350
15022,2015-02-28,09,11,14,15,26,11,12,09,11,14,15,26,12,11,1052353522,175842569,0,0,33,257531
15021,2015-02-25,22,23,24,26,31,05,06,26,31,23,24,22,05,06,1011148456,154390777,0,0,43,157272
15020,2015-02-16,11,26,28,29,32,01,04,28,11,29,26,32,04,01,975106845,179938437,21,5865102,49,180170
15019,2015-02-14,02,08,16,22,24,01,03,24,08,22,02,16,01,03,1056985003,202001607,1,10000000,49,254839
15018,2015-02-11,04,07,10,23,31,03,07,10,07,04,31,23,07,03,1013044052,183587012,1,10000000,113,82211
15017,2015-02-09,07,13,16,17,29,01,07,29,17,16,13,07,01,07,980636543,178974941,1,10000000,75,116974
15016,2015-02-07,06,07,16,20,34,09,11,16,07,06,20,34,09,11,949403008,208262620,0,0,164,49292
15015,2015-02-04,01,05,13,17,32,04,11,32,13,05,01,17,04,11,901055602,181763862,8,5905475,79,46370
15014,2015-02-02,08,16,25,29,35,03,10,16,08,35,25,29,03,10,934144755,181227543,3,10000000,50,175328
15013,2015-01-31,11,15,25,28,35,07,10,28,35,25,15,11,07,10,922796421,197604688,0,0,40,226781
15012,2015-01-28,03,04,06,11,31,05,09,04,06,31,03,11,05,09,877629027,175210148,2,10000000,41,161425
15011,2015-01-26,04,13,22,25,30,01,06,30,25,13,22,04,06,01,867227273,181219178,16,6211643,186,42061
15010,2015-01-24,02,06,17,30,35,02,07,02,30,06,35,17,07,02,922553782,208415367,1,10000000,58,166880
15009,2015-01-21,17,22,26,27,33,06,10,17,22,26,27,33,10,06,885966276,188166127,0,0,55,158591
15008,2015-01-19,07,10,11,15,17,03,10,07,15,11,17,10,10,03,838917495,187348140,54,5350846,88,85830
15007,2015-01-17,02,07,08,14,31,04,08,31,02,07,08,14,04,08,1084804698,207134099,2,10000000,98,77735
15006,2015-01-14,06,08,30,32,33,03,07,06,33,08,32,30,03,07,1061791325,187375191,2,10000000,64,122162
15005,2015-01-12,11,14,15,18,19,07,08,19,14,11,18,15,07,08,1056022676,187061405,6,7975072,69,135230
15004,2015-01-10,03,12,14,18,28,05,06,14,28,12,03,18,05,06,1063303937,211045780,3,9644205,40,248150
15003,2015-01-07,12,19,27,28,34,01,12,34,28,19,27,12,01,12,1058932056,192816707,8,6794760,59,156326
15002,2015-01-05,03,14,20,26,32,06,10,20,32,03,14,26,06,10,1092064321,194417743,3,10000000,90,98741
15001,2015-01-03,08,09,19,27,30,06,07,27,08,19,09,30,07,06,1084864825,216525466,11,6208747,153,53300
14154,2014-12-31,05,12,17,23,28,02,09,17,12,05,23,28,09,02,1135404076,206102484,14,5913927,109,81189
14153,2014-12-29,01,08,13,24,32,05,10,08,24,01,32,13,05,10,1212140454,197278961,4,9037107,68,143133
14152,2014-12-27,05,12,18,24,33,01,05,12,05,18,24,33,05,01,1211422140,220548247,3,10000000,126,85285
14151,2014-12-24,03,08,26,31,32,08,12,31,03,26,08,32,12,08,1192625943,200426121,7,6987198,78,98775
14150,2014-12-22,19,21,30,33,35,05,07,35,21,19,30,33,07,05,1211404301,199620079,6,7050858,67,132908
14149,2014-12-20,02,13,19,26,35,01,05,02,35,13,19,26,01,05,1234346541,223525491,23,5849579,85,109364
14148,2014-12-17,03,09,10,11,20,07,09,20,03,10,11,09,07,09,1326828262,199263390,4,9318025,146,57656
14147,2014-12-15,05,09,14,26,34,02,09,26,34,14,05,09,02,09,1324845582,203455020,9,6543131,58,153503
14146,2014-12-13,02,16,23,24,28,10,11,16,02,23,24,28,10,11,1361277737,254595224,2,10000000,197,53974
14145,2014-12-10,15,19,22,24,26,10,11,15,24,19,22,26,10,11,1321185915,200399143,2,10000000,40,271725
14144,2014-12-08,01,21,24,25,35,04,11,24,35,01,21,25,04,11,1290463839,199169295,0,0,39,263431
14143,2014-12-06,01,11,14,18,25,06,10,14,11,25,18,01,10,06,1241070437,223887126,3,10000000,66,183630
14142,2014-12-03,18,21,25,28,30,04,06,18,25,21,28,30,04,06,1213685929,200197897,10,6504645,107,68621
14141,2014-12-01,04,17,20,26,29,05,08,17,29,26,20,04,05,08,1244535901,201721661,5,7942185,61,137838
14140,2014-11-29,01,19,20,25,34,07,12,25,34,19,20,01,12,07,1251566141,228862423,1,10000000,43,307985
14139,2014-11-26,03,05,07,15,34,01,10,05,15,03,07,34,10,01,1200995750,206237565,3,10000000,33,326240
14138,2014-11-24,01,07,29,32,34,09,12,01,29,32,07,34,09,12,1185612824,204150642,4,10000000,25,418179
14137,2014-11-22,02,11,16,22,34,02,05,34,22,02,11,16,05,02,1178643374,228889406,2,10000000,53,175018
14136,2014-11-19,04,18,20,34,35,07,11,34,04,20,35,18,11,07,1154305279,210035293,9,6580696,77,116563
14135,2014-11-17,20,26,28,30,35,09,12,28,26,20,35,30,12,09,1191956659,207091316,2,10000000,38,316405
14134,2014-11-15,02,05,07,11,32,09,12,32,07,05,02,11,12,09,1157903994,231332680,2,10000000,43,244459
14133,2014-11-12,02,08,12,14,18,04,12,14,12,02,08,18,04,12,1125548895,210539527,2,10000000,250,44271
14132,2014-11-10,01,03,04,19,32,01,07,32,01,19,04,03,01,07,1103993932,207042551,2,10000000,26,434759
14131,2014-11-08,03,16,19,23,27,03,07,16,23,27,19,03,03,07,1070373608,229525923,2,10000000,222,36617
14130,2014-11-05,02,18,31,32,33,05,07,32,18,31,02,33,07,05,1047946346,204087496,3,9832710,65,116010
14129,2014-11-03,07,22,28,30,32,05,06,28,07,32,22,30,05,06,1043803747,203647528,1,10000000,44,195460
14128,2014-11-01,02,04,16,22,34,08,11,22,02,16,04,34,08,11,1012105455,213457949,2,10000000,52,221454
14127,2014-10-29,02,04,06,15,19,02,11,06,15,19,04,02,11,02,980248197,191283997,3,10000000,28,394336
14126,2014-10-27,02,09,22,30,34,09,10,30,09,02,22,34,09,10,973284763,188290135,1,10000000,37,221647
14125,2014-10-25,12,15,19,23,31,04,10,23,15,19,31,12,04,10,941910615,209429406,2,10000000,114,77763
14124,2014-10-22,01,03,28,29,35,08,12,01,29,03,35,28,08,12,926501357,188069407,4,8967600,27,360690
14123,2014-10-20,01,09,12,22,25,02,09,22,25,01,09,12,09,02,926243050,185788357,3,9784550,34,249870
14122,2014-10-18,03,10,25,26,35,01,07,25,03,35,10,26,01,07,922321109,210987138,2,10000000,83,115949
14121,2014-10-15,13,16,18,22,32,08,10,22,13,16,32,18,08,10,903584105,189841132,3,9296431,64,137085
14120,2014-10-13,01,04,06,18,33,05,11,33,06,18,01,04,11,05,901617720,177861722,2,10000000,27,339635
14119,2014-10-11,04,08,09,13,18,08,12,04,08,13,09,18,12,08,876616071,199847525,1,10000000,91,93176
14118,2014-10-08,02,03,23,24,26,05,11,26,24,23,02,03,05,11,848491203,177771292,0,0,33,244438
14117,2014-10-06,03,14,17,18,33,06,09,33,18,14,17,03,09,06,806936584,158204520,2,10000000,45,133434
14116,2014-10-04,06,13,15,24,27,04,05,24,06,15,27,13,04,05,797914592,165743086,1,10000000,63,120272
14115,2014-10-01,01,05,26,29,30,02,10,26,30,05,29,01,02,10,770028734,149573879,2,10000000,47,159698
14114,2014-09-29,03,16,24,30,33,05,08,24,03,16,33,30,05,08,759165112,162818645,4,7238221,77,74863
14113,2014-09-27,02,13,17,19,23,01,06,13,02,17,19,23,01,06,770352154,177747229,5,7722784,57,128346
14112,2014-09-24,03,05,14,18,32,02,10,14,05,32,03,18,10,02,778946120,161645347,2,10000000,37,229873
14111,2014-09-22,11,16,18,20,29,03,04,11,29,16,20,18,03,04,766059220,159305669,0,0,32,253993
14110,2014-09-20,09,18,19,22,24,08,11,18,09,24,19,22,11,08,729018439,176071215,1,10000000,57,130823
14109,2014-09-17,15,18,20,21,23,01,02,21,20,15,23,18,02,01,707079547,160457788,5,8560406,39,218698
14108,2014-09-15,01,02,13,23,35,09,12,13,01,02,35,23,12,09,709422417,159408053,1,10000000,65,113416
14107,2014-09-13,05,13,14,21,34,08,10,13,21,34,14,05,10,08,691019481,181325383,1,10000000,53,156845
14106,2014-09-10,05,09,11,20,22,05,11,09,22,11,20,05,05,11,657364184,162710870,1,10000000,67,100367
14105,2014-09-08,04,10,26,29,32,04,08,10,04,29,32,26,08,04,634577614,150824984,2,10000000,54,126768
14104,2014-09-06,07,13,14,28,32,04,11,07,13,28,32,14,04,11,621617813,176198779,5,8234166,63,130673
14103,2014-09-03,14,20,23,25,26,10,12,14,23,20,26,25,12,10,626567022,159163558,1,10000000,44,199664
14102,2014-09-01,01,07,14,19,20,03,12,07,19,14,01,20,12,03,596966907,160748402,3,9256358,69,100215
14101,2014-08-30,09,10,12,17,28,03,11,09,12,17,28,10,03,11,595465040,174450095,0,0,88,77272
14100,2014-08-27,02,04,08,12,35,01,07,12,08,02,04,35,01,07,559791030,162499795,2,10000000,40,223353
14099,2014-08-25,15,21,22,23,33,01,07,21,33,23,22,15,01,07,541306441,163978997,3,10000000,52,171518
14098,2014-08-23,16,18,22,25,35,03,10,16,22,18,25,35,10,03,529856031,184527907,2,10000000,45,211357
14097,2014-08-20,03,15,20,21,23,07,09,20,03,23,21,15,07,09,508112843,169611153,1,10000000,33,267985
14096,2014-08-18,03,07,21,23,31,05,10,23,31,03,07,21,10,05,476575124,167970220,8,6383482,99,62566
14095,2014-08-16,06,22,30,31,34,05,06,30,34,06,22,31,06,05,508319326,186569328,4,8448139,44,154164
14094,2014-08-13,13,14,24,25,34,04,07,13,14,25,24,34,04,07,510765155,168617295,8,6429806,136,34644
14093,2014-08-11,03,08,30,32,34,09,11,30,34,32,03,08,09,11,538115272,166087704,0,0,63,128041
14092,2014-08-09,02,18,27,30,32,05,11,27,18,32,30,02,11,05,498422452,185657187,1,10000000,36,246536
14091,2014-08-06,10,16,18,29,32,02,07,18,16,32,10,29,02,07,466511258,171622227,1,10000000,42,188651
14090,2014-08-04,02,03,20,23,28,06,08,23,03,28,02,20,08,06,439724222,176916628,60,5182460,69,117087
14089,2014-08-02,02,08,12,29,30,07,12,08,30,29,02,12,07,12,897430770,206285308,9,6270293,119,48131
14088,2014-07-30,07,13,20,25,26,08,11,25,13,20,07,26,08,11,929910085,183837153,2,10000000,108,80866
14087,2014-07-28,04,07,31,33,35,09,10,04,33,35,31,07,09,10,916892029,174787404,1,10000000,55,134240
14086,2014-07-26,06,08,27,29,35,03,09,29,08,06,27,35,09,03,886731623,201555668,4,10000000,57,173491
14085,2014-07-23,06,12,13,25,29,11,12,25,06,29,13,12,11,12,879455090,178919759,3,9894855,108,68110
14084,2014-07-21,02,07,09,11,28,05,09,09,28,02,11,07,05,09,875765643,181205445,7,7224209,126,53920
14083,2014-07-19,18,20,24,33,35,05,10,35,20,33,24,18,05,10,892251472,203993360,2,10000000,83,101782
14082,2014-07-16,01,08,18,23,25,08,12,18,25,01,23,08,08,12,872216864,181943644,0,0,43,191919
14081,2014-07-14,03,05,08,10,25,09,12,08,03,25,05,10,09,12,830154471,175722160,0,0,43,166437
14080,2014-07-12,17,20,23,25,27,03,10,20,27,25,23,17,03,10,792428610,193958265,3,10000000,49,204471
14079,2014-07-09,09,10,20,31,32,06,10,31,09,10,20,32,06,10,783615300,173530979,3,10000000,64,134339
14078,2014-07-07,10,15,16,22,28,04,05,22,28,15,16,10,04,05,778417883,173079920,3,10000000,73,119758
14077,2014-07-05,09,16,26,31,32,01,05,31,26,32,09,16,05,01,765404764,192620156,3,9819134,55,167784
14076,2014-07-02,05,10,19,31,32,09,10,31,05,10,32,19,09,10,760644298,178230857,1,10000000,81,92632
14075,2014-06-30,05,07,29,32,35,04,10,35,05,29,07,32,10,04,729191341,179024552,7,6725435,55,118422
14074,2014-06-28,06,11,22,27,30,05,11,06,27,30,11,22,11,05,750501664,198134948,2,10000000,104,81061
14073,2014-06-25,04,05,07,13,35,05,06,13,05,04,35,07,05,06,729295547,179054580,3,9270829,121,54235
14072,2014-06-23,17,19,22,24,30,02,09,17,22,19,24,30,02,09,727466021,168821103,1,10000000,27,331930
14071,2014-06-21,04,14,15,22,23,01,07,22,15,14,04,23,07,01,696804568,185954083,1,10000000,43,221374
14070,2014-06-18,01,02,07,10,32,04,12,07,01,02,10,32,12,04,669821040,167714687,2,10000000,57,119758
14069,2014-06-16,16,22,27,29,31,02,09,16,27,22,31,29,09,02,658384418,165688178,2,10000000,26,228365
14068,2014-06-14,05,15,24,29,35,05,06,29,35,24,15,05,05,06,648506595,183812242,3,10000000,91,79136
14067,2014-06-11,03,18,23,24,31,03,07,24,23,31,18,03,07,03,642565242,169829052,1,10000000,27,341706
14066,2014-06-09,08,14,16,20,31,03,11,20,16,08,14,31,03,11,609851883,171159701,2,15000000,34,199482
14065,2014-06-07,07,12,19,31,33,07,12,12,31,07,33,19,12,07,593113888,189856995,5,11403800,54,129775
14064,2014-06-04,08,15,33,34,35,01,08,34,33,15,35,08,01,08,605400258,175438349,3,14481293,168,36266
14063,2014-06-02,11,17,21,23,34,03,04,17,23,34,21,11,03,04,603289864,149422759,1,15000000,28,279350
14062,2014-05-31,04,07,17,24,25,02,04,17,24,07,25,04,02,04,576508734,171910477,0,0,48,197762
14061,2014-05-28,04,11,17,20,29,06,10,29,11,17,04,20,10,06,530528894,157379650,1,15000000,48,127498
14060,2014-05-26,12,22,29,30,34,05,11,29,12,34,22,30,05,11,508335617,155476267,2,13846153,50,140672
14059,2014-05-24,07,15,17,25,29,04,11,25,07,17,15,29,11,04,499050363,172487834,6,8656549,89,71247
14058,2014-05-21,09,15,22,24,26,02,07,22,26,15,09,24,02,07,514062616,156588831,3,11810787,63,106443
14057,2014-05-19,08,10,20,27,33,01,09,20,10,08,33,27,09,01,513584094,158049101,4,12947382,40,160094
14056,2014-05-17,12,18,28,29,35,07,08,28,18,35,29,12,08,07,518055775,170156653,1,15000000,61,97524
14055,2014-05-14,04,23,26,27,35,10,11,26,23,35,04,27,10,11,497660787,151250601,1,15000000,75,75399
14054,2014-05-12,02,03,20,25,34,01,12,34,03,20,02,25,12,01,479762955,150534284,2,15000000,72,126347
14053,2014-05-10,02,11,17,27,30,03,04,02,17,11,30,27,04,03,465963587,163362645,2,15000000,56,138015
14052,2014-05-07,14,19,21,24,30,02,07,24,21,14,19,30,02,07,448239242,148553518,1,15000000,25,244998
14051,2014-05-05,01,07,11,29,30,03,11,30,01,11,07,29,03,11,426593556,141385481,6,6187200,62,78927
14050,2014-05-03,10,18,27,28,35,01,06,10,18,28,35,27,01,06,449771795,143454855,1,10000000,24,302800
14049,2014-04-30,03,15,17,22,31,03,05,31,03,17,15,22,05,03,427750617,129357113,1,10000000,34,187598
14048,2014-04-28,01,02,05,15,35,01,11,15,35,02,01,05,11,01,410032886,132476146,2,9734953,24,297364
14047,2014-04-26,06,17,18,30,34,06,12,18,34,17,30,06,06,12,404566567,139568509,1,10000000,54,149381
14046,2014-04-23,03,15,18,21,26,01,06,15,18,03,26,21,01,06,387964150,127230354,1,10000000,22,310052
14045,2014-04-21,06,10,12,16,30,02,11,06,10,12,16,30,11,02,376989546,124470129,1,10000000,33,194585
14044,2014-04-19,22,23,25,27,35,03,11,27,23,25,22,35,11,03,358093528,136866302,2,10000000,45,164774
14043,2014-04-16,01,11,23,29,30,01,12,30,23,11,01,29,12,01,347321907,126802014,0,0,57,100530
14042,2014-04-14,16,21,25,27,35,06,11,27,25,21,16,35,11,06,319726297,126547122,4,7374876,33,181982
14041,2014-04-12,05,07,11,15,18,05,12,11,05,07,15,18,12,05,325477040,139292056,2,9657920,37,185177
14040,2014-04-09,12,15,21,30,33,02,08,21,33,12,30,15,08,02,320311146,127871621,2,9249673,29,230190
14039,2014-04-07,02,05,11,15,20,08,11,11,20,15,02,05,08,11,316737417,122285750,0,0,32,177295
14038,2014-04-05,07,08,12,20,32,03,05,32,08,12,20,07,05,03,290675013,130841888,3,7558526,46,105870
14037,2014-04-02,03,04,08,19,34,02,04,03,34,04,08,19,04,02,294858966,124476686,2,8784473,45,128622
14036,2014-03-31,01,02,12,17,29,03,08,02,01,12,29,17,03,08,293099516,124665987,3,8790665,33,177965
14035,2014-03-29,09,12,14,28,29,03,10,14,12,28,29,09,03,10,291041521,138292718,3,7777938,71,87265
14034,2014-03-26,03,11,14,27,32,05,07,27,11,03,14,32,05,07,294040655,126684339,6,6124320,143,23326
14033,2014-03-24,01,07,08,28,29,04,08,08,28,07,01,29,04,08,313921770,126213215,2,8601186,121,30583
14032,2014-03-22,02,05,06,09,31,02,09,05,06,02,09,31,09,02,313118209,139487493,1,10000000,41,141051
14031,2014-03-19,06,15,27,32,33,03,04,27,32,33,15,06,03,04,298257838,124711221,2,7755906,151,20925
14030,2014-03-17,03,14,18,29,35,11,12,18,35,29,03,14,12,11,299990119,128331774,3,7931261,20,356849
14029,2014-03-15,03,21,22,23,35,05,09,35,22,03,23,21,09,05,302523173,143829382,6,6258224,87,51836
14028,2014-03-12,03,10,20,25,30,10,12,25,10,30,20,03,10,12,323066741,129511240,1,10000000,38,156895
14027,2014-03-10,09,10,24,28,29,10,12,10,29,09,24,28,12,10,313884979,129519796,3,7411068,49,89630
14026,2014-03-08,05,10,12,15,26,04,08,26,15,12,05,10,08,04,318035173,139988871,0,0,91,63618
14025,2014-03-05,19,20,27,32,34,06,08,19,32,34,27,20,06,08,292317488,128550281,3,7282407,49,97469
14024,2014-03-03,07,11,15,31,32,06,11,31,07,15,32,11,11,06,297992483,129953991,4,7145411,32,178784
14023,2014-03-01,04,13,15,29,33,05,09,33,29,13,15,04,05,09,306189144,141829576,4,5835860,105,25417
14022,2014-02-26,03,06,10,16,25,10,11,06,16,10,03,25,11,10,325669431,130079120,1,10000000,29,209938
14021,2014-02-24,06,10,17,23,24,03,09,10,06,17,23,24,03,09,309059701,128569953,4,6564613,39,108915
14020,2014-02-22,01,14,17,30,35,06,07,14,35,01,30,17,06,07,322855712,142178440,2,10000000,37,161466
14019,2014-02-19,07,12,22,29,32,11,12,32,07,29,22,12,12,11,316455971,127761746,2,7976663,70,62013
14018,2014-02-17,08,09,12,28,34,02,12,34,09,12,28,08,02,12,317846981,121704224,0,0,41,126284
14017,2014-02-15,05,10,11,23,34,01,10,23,05,10,11,34,01,10,295873500,136657269,5,6712143,31,206428
14016,2014-02-12,04,06,13,24,34,04,09,34,06,13,04,24,09,04,312409622,123079546,8,6326869,21,302420
14015,2014-02-10,04,06,18,20,30,05,07,06,30,20,04,18,07,05,336487176,118668684,1,10000000,40,130654
14014,2014-02-08,01,09,11,27,29,03,11,09,01,29,11,27,03,11,325125162,130439909,2,8694497,42,102624
14013,2014-01-29,10,11,13,22,28,04,12,28,13,22,11,10,12,04,324041671,137312298,1,10000000,91,61637
14012,2014-01-27,09,20,21,23,29,05,07,21,23,09,20,29,07,05,308985857,126548654,1,9827845,64,74203
14011,2014-01-25,04,06,14,24,35,07,12,04,14,06,24,35,07,12,305399026,138131180,1,10000000,26,273756
14010,2014-01-22,05,10,20,26,27,01,03,27,10,26,20,05,01,03,289164215,126731854,2,10000000,42,167815
14009,2014-01-20,10,18,25,29,33,07,08,33,25,29,10,18,08,07,277824746,123676782,2,7224139,125,26297
14008,2014-01-18,11,13,20,28,35,01,05,13,11,20,28,35,05,01,282150599,137668320,1,10000000,29,242212
14007,2014-01-15,08,11,14,21,32,03,11,21,08,11,32,14,11,03,263085157,123439275,5,6378533,99,47129
14006,2014-01-13,01,04,07,16,35,06,08,07,01,35,16,04,06,08,279505469,119059472,0,0,29,186411
14005,2014-01-11,15,17,18,29,33,04,08,29,17,15,33,18,04,08,251264064,132360353,4,6981095,38,125187
14004,2014-01-08,07,10,19,27,28,09,12,28,10,27,19,07,12,09,259377488,121043337,2,7468802,60,65432
14003,2014-01-06,07,11,13,21,33,05,06,11,21,13,33,07,06,05,262749156,121231014,2,7696913,41,110773
14002,2014-01-04,01,12,21,24,29,01,07,29,01,12,21,24,07,01,265231194,134448795,1,10000000,49,126117
14001,2014-01-01,05,13,20,23,29,08,11,05,13,20,23,29,08,11,245814203,120984608,1,10000000,51,92763
13153,2013-12-30,04,05,16,17,30,03,09,05,16,30,17,04,03,09,235568607,120218297,0,0,35,180278
13152,2013-12-28,09,12,14,18,19,03,09,09,12,14,19,18,03,09,208662004,129948961,5,7025670,26,232835
13151,2013-12-25,02,13,21,27,30,03,04,27,02,13,21,30,03,04,218469468,115202750,0,0,33,144273
13150,2013-12-23,06,07,14,18,22,08,11,22,18,06,07,14,08,11,195421794,110252541,1,10000000,19,282164
13149,2013-12-21,06,07,08,09,13,05,07,09,07,06,13,08,07,05,180873480,121299463,2,9420969,37,143073
13148,2013-12-18,02,05,09,29,32,03,07,09,02,05,32,29,03,07,177610569,110251832,1,10000000,26,132788
13147,2013-12-16,03,09,22,24,25,05,09,03,25,24,22,09,05,09,171377233,106840083,2,9377504,23,214583
13146,2013-12-14,06,07,15,25,31,01,09,25,31,06,07,15,01,09,168244721,120844765,1,10000000,48,117365
13145,2013-12-11,02,13,15,18,20,02,11,20,18,02,13,15,11,02,153157780,110223270,0,0,29,217052
13144,2013-12-09,03,20,21,23,35,02,08,35,23,20,21,03,02,08,128088241,110147338,1,10000000,14,437197
13143,2013-12-07,03,08,14,21,31,06,08,03,31,14,08,21,08,06,118184260,121306535,2,9012573,41,139102
13142,2013-12-04,06,11,25,28,29,04,12,29,06,25,11,28,04,12,115535221,111067962,1,9930590,50,82434
13141,2013-12-02,05,15,18,25,31,08,10,15,25,31,18,05,08,10,111701804,107596104,0,0,44,115776
13140,2013-11-30,01,12,17,26,28,01,06,01,26,17,28,12,01,06,91556766,116980853,4,5000000,49,141727
13139,2013-11-27,05,06,18,20,31,06,07,06,05,31,18,20,06,07,82963265,108440465,3,5000000,33,163536
13138,2013-11-25,03,08,13,17,24,07,09,17,24,08,03,13,09,07,81149879,109150434,14,5091780,303,12000
13137,2013-11-23,04,12,32,33,34,06,08,12,32,04,33,34,08,06,152139878,122455002,2,7657598,79,35223
13136,2013-11-20,05,11,15,25,28,05,11,25,05,28,11,15,05,11,154167079,111309765,4,6096792,53,56919
13135,2013-11-18,04,13,19,25,26,07,12,04,19,25,13,26,07,12,171612098,107973516,0,0,32,148280
13134,2013-11-16,02,13,19,23,32,02,09,32,13,02,23,19,02,09,148480349,117471260,0,0,38,163558
13133,2013-11-13,02,08,10,16,17,09,12,10,08,02,16,17,12,09,122965280,109127259,1,10000000,17,363869
13132,2013-11-11,23,26,28,31,34,02,10,28,26,34,23,31,02,10,105675073,106761393,4,6470096,57,60497
13131,2013-11-09,12,15,29,30,31,04,12,29,31,15,12,30,12,04,116854488,117449499,0,0,54,96982
13130,2013-11-06,08,09,15,19,30,06,09,15,08,30,09,19,09,06,95469948,109732548,3,6876234,51,75049
13129,2013-11-04,11,23,29,30,33,01,04,29,30,33,23,11,04,01,103338276,108505512,3,6770618,56,76983
13128,2013-11-02,11,13,27,33,35,01,02,27,35,13,33,11,01,02,113183371,120450087,10,5214305,150,12000
13127,2013-10-30,03,14,16,19,32,05,10,03,16,32,19,14,05,10,165583037,110020727,3,6988364,42,103291
13126,2013-10-28,09,10,15,18,30,03,06,10,09,15,18,30,06,03,172845865,109378334,3,7164717,39,92509
13125,2013-10-26,04,08,14,23,28,04,08,14,28,23,04,08,08,04,178104632,119978991,6,5787443,64,57509
13124,2013-10-23,05,07,18,21,32,10,11,07,21,32,05,18,10,11,207891533,110782997,1,10000000,43,81806
13123,2013-10-21,02,09,10,33,34,05,12,10,34,09,33,02,12,05,201386997,106562135,0,0,28,129263
13122,2013-10-19,15,17,20,24,35,04,12,17,20,35,24,15,04,12,183742526,114607447,1,10000000,19,312585
13121,2013-10-16,03,18,19,20,24,03,12,19,20,03,24,18,12,03,167954219,107502799,2,8513182,26,209983
13120,2013-10-14,06,14,15,22,26,03,11,26,22,15,06,14,03,11,167252806,103379902,0,0,13,413988
13119,2013-10-12,01,02,16,23,35,01,11,01,23,16,02,35,11,01,144276439,114833494,1,10000000,32,199228
13118,2013-10-09,04,06,11,20,31,01,05,31,06,11,04,20,01,05,124989788,102403342,1,10000000,30,168855
13117,2013-10-07,05,16,23,25,33,07,12,23,25,16,33,05,12,07,112954194,94444889,1,5000000,22,198669
13116,2013-10-05,13,22,23,30,33,09,11,13,23,22,33,30,09,11,97540922,106157155,1,5000000,45,97922
13115,2013-10-02,05,16,29,32,34,04,11,29,34,16,05,32,04,11,87253881,90887232,9,5000000,166,12000
13114,2013-09-30,06,17,21,23,33,01,09,21,17,33,23,06,01,09,135253881,101049414,6,6173985,511,12000
13113,2013-09-28,19,21,23,28,30,08,12,19,21,23,28,30,12,08,154688007,114354307,4,6675534,161,24961
13112,2013-09-25,02,10,20,22,29,05,12,22,29,10,20,02,12,05,164634801,102958306,1,10000000,25,218418
13111,2013-09-23,07,12,13,20,27,01,03,13,20,07,27,12,03,01,151209447,102613684,1,9239212,81,47398
13110,2013-09-21,07,16,18,32,33,02,07,33,32,16,07,18,02,07,149035335,110067240,2,9388735,28,175199
13109,2013-09-18,13,20,26,29,32,02,06,32,26,13,29,20,06,02,145869127,99337442,1,10000000,24,218948
13108,2013-09-16,05,10,13,15,18,02,11,13,10,05,15,18,11,02,134193271,98043296,0,0,22,272836
13107,2013-09-14,07,13,14,18,25,05,12,25,18,13,14,07,12,05,111070403,103336022,0,0,26,204245
13106,2013-09-11,06,07,12,13,27,03,12,06,07,27,12,13,03,12,88399110,96682691,1,5000000,40,121097
13105,2013-09-09,07,13,27,30,34,01,12,07,27,30,34,13,12,01,73054761,95015234,1,5000000,33,112342
13104,2013-09-07,02,05,11,27,29,01,11,05,29,27,11,02,11,01,61624635,103746815,0,0,29,197797
13103,2013-09-04,05,08,13,16,31,03,09,05,13,08,16,31,09,03,37443844,94510010,3,5000000,59,63673
13102,2013-09-02,06,12,15,19,26,02,11,06,19,26,15,12,02,11,36350423,90509576,0,0,21,223330
13101,2013-08-31,04,09,13,15,32,02,09,09,32,15,04,13,02,09,14743158,99608666,2,5000000,22,251803
13100,2013-08-28,09,12,24,26,30,05,09,26,12,24,30,09,05,09,6402825,91302467,3,5000000,39,96355
13099,2013-08-26,04,11,28,30,33,05,12,11,04,33,28,30,12,05,12009973,90552001,4,5000000,73,12000
13098,2013-08-24,02,06,16,29,34,10,11,06,16,02,34,29,10,11,35352220,96508845,2,5000000,52,72072
13097,2013-08-21,07,08,13,17,32,03,08,07,13,17,08,32,03,08,28216869,87209004,1,5000000,16,265204
13096,2013-08-19,17,19,20,22,26,06,08,26,22,19,20,17,06,08,19111160,82602563,0,0,24,182404
13095,2013-08-17,03,17,28,30,33,01,10,33,17,30,03,28,01,10,642661,85079922,3,5000000,24,141883
13094,2013-08-14,03,28,33,34,35,06,09,34,33,03,35,28,09,06,0,89359971,10,24000,271,12000
13093,2013-08-12,01,05,17,18,26,05,07,05,26,18,17,01,05,07,0,91058614,6,1211256,59,36407
13092,2013-08-10,07,10,21,27,33,03,09,21,10,33,27,07,09,03,0,100655848,4,2958913,64,45478
13091,2013-08-07,04,09,28,34,35,02,08,34,35,09,04,28,02,08,0,94094638,7,723495,130,12000
13090,2013-08-05,02,26,30,31,33,11,12,26,30,02,33,31,12,11,5263955,93663331,2,5000000,39,74580
13089,2013-08-03,06,07,23,24,29,04,11,24,29,07,23,06,11,04,2846241,103107680,3,5000000,39,103008
13088,2013-07-31,03,05,08,33,35,01,03,08,35,03,05,33,01,03,0,101099585,37,1150769,197,12000
13087,2013-07-29,09,12,22,32,34,02,04,12,32,22,09,34,02,04,42617129,102329273,1,5000000,23,212239
13086,2013-07-27,09,16,26,29,31,06,09,16,09,29,31,26,06,09,28968747,118005920,16,5000000,83,38878
13085,2013-07-24,08,19,23,27,32,03,05,32,27,08,19,23,03,05,98643241,109057485,3,6975684,65,62063
13084,2013-07-22,08,22,26,29,35,01,05,22,08,29,26,35,01,05,105974540,109893917,0,0,31,139049
13083,2013-07-20,26,29,30,32,35,04,10,35,30,26,32,29,10,04,86994313,123762556,14,5000000,345,12000
13082,2013-07-17,03,09,25,26,33,03,12,09,26,03,33,25,03,12,171994313,112633760,0,0,30,155511
13081,2013-07-15,07,09,15,17,23,02,07,15,23,17,07,09,07,02,150300415,115556938,1,10000000,34,209297
13080,2013-07-13,06,21,23,27,31,04,06,23,27,31,21,06,06,04,132673164,121739755,0,0,27,221780
13079,2013-07-10,09,10,17,21,34,01,07,17,21,10,09,34,07,01,106225828,111146788,2,8780721,81,52183
13078,2013-07-08,02,07,23,31,33,02,08,07,31,33,02,23,08,02,104883662,110464206,2,8951872,29,150547
13077,2013-07-06,24,26,30,32,35,06,12,30,32,24,35,26,06,12,103028044,121705850,3,7605661,61,75745
13076,2013-07-03,13,15,16,26,27,09,10,16,26,27,15,13,09,10,106302568,110287003,3,7405796,34,153561
13075,2013-07-01,01,11,13,19,35,07,08,35,13,11,19,01,07,08,111311262,111388586,2,8098136,28,169939
13074,2013-06-29,06,14,20,24,32,01,07,32,24,06,14,20,07,01,112228527,124113767,3,6569851,63,63912
13073,2013-06-26,03,05,23,27,31,02,06,03,27,31,05,23,06,02,124925587,116689022,3,7333431,34,165827
13072,2013-06-24,12,27,28,33,35,03,05,12,35,27,33,28,05,03,131224965,115290338,7,5560590,159,18887
13071,2013-06-22,13,19,26,27,28,03,11,26,28,19,27,13,03,11,170320645,129186697,3,7929319,77,61669
13070,2013-06-19,09,12,18,21,29,01,08,09,18,29,21,12,01,08,172138704,113538678,1,10000000,75,58389
13069,2013-06-17,06,12,13,16,30,07,12,16,30,13,06,12,12,07,165804899,112197585,1,10000000,41,130460
13068,2013-06-15,10,17,27,34,35,05,07,27,10,17,34,35,07,05,151050094,123220775,5,6057629,73,41475
13067,2013-06-12,02,03,05,08,29,10,12,02,08,03,05,29,10,12,168117873,105168115,3,7144174,17,214417
13066,2013-06-10,06,07,13,33,34,02,11,34,13,07,33,06,11,02,173469085,108172336,1,10000000,55,73519
13065,2013-06-08,09,28,31,34,35,02,09,09,31,28,34,35,02,09,164666357,123733625,1,10000000,284,14102
13064,2013-06-05,21,24,26,28,32,01,03,26,24,21,32,28,03,01,159171307,109225079,1,10000000,21,250446
13063,2013-06-03,03,05,11,27,28,05,06,03,05,11,27,28,06,05,146067573,108064818,1,10000000,25,208892
13062,2013-06-01,01,05,08,09,12,09,12,08,01,05,09,12,12,09,133663835,123085059,5,7129714,36,184871
13061,2013-05-29,01,14,18,21,32,05,10,21,14,32,01,18,10,05,142690976,104825840,0,0,18,346026
13060,2013-05-27,15,25,26,32,35,05,10,25,15,32,26,35,05,10,116219946,97754407,7,5477724,57,37010
13059,2013-05-25,03,08,11,24,27,07,12,24,03,08,27,11,12,07,148773878,107444050,0,0,42,113884
13058,2013-05-22,20,21,27,31,35,07,11,20,21,27,31,35,11,07,116219946,97754407,2,9312826,27,187922
13057,2013-05-20,07,15,27,33,35,07,10,35,27,33,07,15,07,10,123030080,95419334,0,0,22,170063
13056,2013-05-18,11,22,30,32,35,03,04,35,30,32,11,22,03,04,106703983,106923534,2,8215874,59,81973
13055,2013-05-15,04,05,22,23,24,03,09,22,24,04,05,23,09,03,107162071,97894933,3,6903540,35,114786
13054,2013-05-13,05,08,21,30,32,01,08,08,30,21,05,32,08,01,114882950,97491675,4,6929758,23,202599
13053,2013-05-11,13,31,33,34,35,05,07,31,33,34,13,35,07,05,123304395,107125902,8,5000000,231,12000
13052,2013-05-08,01,02,10,29,31,01,10,02,10,01,31,29,01,10,166304395,99005450,6,6034952,52,73925
13051,2013-05-06,05,08,15,18,33,07,08,05,18,33,15,08,07,08,189058365,101017433,1,10000000,46,95987
13050,2013-05-04,14,22,30,32,33,07,08,33,22,14,30,32,07,08,183101262,108845242,2,7415141,56,50952
13049,2013-05-01,18,22,25,31,32,04,06,18,31,25,32,22,06,04,185855837,90270660,1,10000000,38,88974
13048,2013-04-29,10,11,23,32,33,01,04,32,23,11,10,33,04,01,180774662,93439302,7,5505453,43,76089
13047,2013-04-27,12,20,28,30,35,03,11,20,12,28,35,30,11,03,228283036,108924465,0,0,25,182602
13046,2013-04-24,15,16,19,25,32,05,11,32,15,19,16,25,11,05,207466383,98130483,0,0,28,175327
13045,2013-04-22,08,11,12,21,25,02,07,08,12,21,11,25,02,07,186295531,98754178,3,7189671,41,107688
13044,2013-04-20,07,11,13,18,28,05,10,18,07,28,11,13,05,10,192471304,108144031,2,8372919,29,176096
13043,2013-04-17,07,13,25,34,35,07,09,35,13,34,07,25,07,09,192316919,100358246,2,6632735,30,96754
13042,2013-04-15,02,06,22,23,33,01,06,06,23,22,02,33,06,01,200479790,98411504,2,9154000,28,182193
13041,2013-04-13,03,13,14,15,34,05,08,13,03,14,34,15,08,05,198017788,108882630,3,6640933,81,29727
13040,2013-04-10,16,17,22,26,35,03,10,22,26,17,16,35,10,03,205633582,98544111,1,10000000,12,482261
13039,2013-04-08,06,23,30,33,35,07,10,23,30,33,06,35,07,10,192846712,96554089,0,0,42,68767
13038,2013-04-06,01,19,24,25,26,07,09,25,26,01,19,24,09,07,180313811,103728759,0,0,28,160166
13037,2013-04-03,02,26,31,32,34,06,08,34,26,31,02,32,06,08,159171880,93728141,1,8717832,40,56847
13036,2013-04-01,08,12,32,33,35,03,05,08,35,33,32,12,03,05,158595131,94764559,1,9305077,40,66745
13035,2013-03-30,05,14,28,32,34,07,08,05,14,34,28,32,08,07,157137514,105886815,6,6345873,34,143178
13034,2013-03-27,01,03,11,19,29,04,08,03,29,19,01,11,08,04,175024647,98117695,3,6840774,23,182556
13033,2013-03-25,12,18,22,28,31,01,11,22,18,12,28,31,11,01,183084465,94424531,0,0,16,359497
13032,2013-03-23,12,27,28,33,35,01,08,35,27,33,28,12,01,08,159896906,101795038,1,10000000,35,108929
13031,2013-03-20,12,17,18,26,32,10,11,17,32,26,18,12,10,11,152903939,92857755,1,10000000,23,200474
13030,2013-03-18,03,05,09,10,28,05,07,05,28,09,10,03,05,07,142906622,92399963,0,0,24,169964
13029,2013-03-16,05,07,17,25,26,04,10,17,26,07,05,25,10,04,124168043,100525965,1,10000000,50,74024
13028,2013-03-13,13,19,28,30,34,08,12,19,30,34,28,13,12,08,117290371,90226179,0,0,30,143436
13027,2013-03-11,03,12,14,24,35,03,08,24,14,12,35,03,03,08,99217311,88478779,1,5000000,29,133467
13026,2013-03-09,02,10,16,30,33,05,06,02,10,30,33,16,05,06,86999987,96984428,3,5000000,64,49382
13025,2013-03-06,03,23,25,26,28,10,12,25,28,03,26,23,12,10,95037003,89233230,1,5000000,13,339352
13024,2013-03-04,09,12,14,18,24,01,04,14,18,09,12,24,01,04,84966486,88302567,1,5000000,20,258208
13023,2013-03-02,05,19,24,26,35,05,07,35,19,05,26,24,05,07,68857932,93617454,0,0,36,100825
13022,2013-02-27,03,04,13,17,23,03,08,13,04,03,17,23,03,08,53204819,86402223,1,5000000,14,290650
13021,2013-02-25,23,24,28,30,33,01,11,24,23,30,28,33,01,11,43329822,84584535,1,5000000,28,142537
13020,2013-02-23,06,11,20,31,32,05,09,32,11,31,20,06,09,05,30797768,90505561,0,0,33,83353
13019,2013-02-20,06,12,17,29,30,07,11,29,17,06,30,12,11,07,18419704,78774727,1,5000000,57,45540
13018,2013-02-18,20,23,31,33,34,03,09,23,33,34,31,20,03,09,11738506,72887266,1,5000000,48,31860
13017,2013-02-16,11,14,22,29,34,05,11,14,29,22,11,34,05,11,0,92868182,39,4762252,123,31945
13016,2013-02-06,05,15,19,27,32,08,09,32,27,19,05,15,09,08,170130710,93354624,0,0,23,185254
13015,2013-02-04,14,15,26,32,33,01,11,26,33,14,15,32,01,11,152902085,90554838,2,7891600,22,187018
13014,2013-02-02,05,08,25,29,31,02,04,05,31,29,25,08,04,02,154624839,102516364,1,10000000,41,108995
13013,2013-01-30,13,15,29,30,35,01,11,13,15,35,29,30,01,11,146150128,91878143,0,0,61,43411
13012,2013-01-28,01,14,31,32,34,02,11,31,32,34,14,01,02,11,135535963,90273475,0,0,11,457265
13011,2013-01-26,01,02,08,15,23,06,09,01,02,23,08,15,06,09,116673757,103189764,3,8253813,20,268910
13010,2013-01-23,09,15,17,18,29,09,11,09,29,18,17,15,11,09,117031592,93053917,0,0,34,103430
13009,2013-01-21,10,17,19,27,29,05,12,19,29,27,10,17,12,05,100586068,92051355,5,5809955,75,39572
13008,2013-01-19,02,07,25,29,34,03,06,29,02,25,34,07,06,03,124053473,103090366,1,10000000,13,422851
13007,2013-01-16,14,29,32,33,34,03,06,29,14,33,34,32,06,03,116585204,93622278,2,5000000,87,12000
13006,2013-01-14,08,20,25,31,32,05,07,31,20,25,32,08,05,07,126585204,91873354,1,9579253,42,104370
13005,2013-01-12,18,22,26,28,31,10,12,26,22,18,28,31,12,10,123594996,102731749,0,0,25,205565
13004,2013-01-09,07,08,12,20,25,03,07,08,07,20,25,12,07,03,101548129,93113469,4,5949602,53,55795
13003,2013-01-07,01,16,18,21,31,09,12,18,16,31,01,21,09,12,120141232,92114091,1,10000000,29,173939
13002,2013-01-05,04,20,27,31,32,06,12,32,20,31,04,27,06,12,108094375,97887870,0,0,14,346173
13001,2013-01-02,06,09,11,31,32,05,11,11,32,31,06,09,05,11,87583599,82539302,0,0,18,206504
12154,2012-12-31,03,26,27,31,32,03,09,31,27,03,26,32,09,03,69462813,85173381,0,0,20,178258
12153,2012-12-29,08,09,10,13,22,05,10,22,13,10,08,09,10,05,54890188,92912437,1,5000000,28,153153
12152,2012-12-26,04,17,26,33,34,02,08,04,34,33,17,26,02,08,42430665,86036210,6,5000000,30,135756
12151,2012-12-24,03,19,20,24,33,03,04,03,19,33,20,24,03,04,69714376,84629482,0,0,24,158969
12150,2012-12-22,02,14,18,24,31,02,03,31,14,02,18,24,02,03,51830291,93073171,0,0,12,426703
12149,2012-12-19,02,10,23,33,34,05,10,33,02,34,23,10,05,10,30708485,86183124,2,5000000,39,83375
12148,2012-12-17,04,16,27,29,34,06,11,16,29,04,27,34,06,11,32076134,86921952,2,5000000,44,81411
12147,2012-12-15,02,03,17,19,33,02,09,33,03,17,19,02,02,09,28529333,95259080,2,5000000,14,351175
12146,2012-12-12,01,10,13,17,26,06,08,17,10,01,26,13,06,08,22302458,88326469,3,5000000,30,143280
12145,2012-12-10,05,22,31,33,35,06,09,31,22,35,05,33,06,09,22893881,83242808,1,5000000,51,37323
12144,2012-12-08,11,13,14,21,29,01,10,29,21,14,13,11,10,01,3369368,100893900,15,5345297,35,132393
12143,2012-12-05,09,27,29,30,31,03,06,09,27,29,31,30,06,03,102870962,90699066,2,6025581,101,12297
12142,2012-12-03,15,19,29,34,35,07,10,15,19,35,29,34,10,07,109794215,90411341,1,8569317,58,50494
12141,2012-12-01,03,11,19,23,34,02,12,23,34,03,19,11,02,12,109227850,97483582,1,10000000,53,77703
12140,2012-11-28,07,17,27,28,29,09,10,28,29,27,07,17,10,09,102910036,89995813,10,5274814,169,12000
12139,2012-11-26,09,10,12,22,25,04,11,10,09,22,25,12,11,04,159798479,89470036,3,6779507,46,82131
12138,2012-11-24,13,17,27,31,33,06,12,17,31,13,27,33,12,06,168189135,99444792,4,6985552,43,95230
12137,2012-11-21,03,12,20,21,27,01,06,03,12,21,20,27,01,06,176275822,92645458,3,6731203,27,164876
12136,2012-11-19,02,23,29,30,31,01,04,23,02,31,29,30,04,01,187811157,93630031,2,6399609,106,18747
12135,2012-11-17,03,05,17,18,33,06,07,17,33,05,03,18,07,06,195352677,99774197,0,0,34,143708
12134,2012-11-14,01,06,18,32,35,02,07,06,18,35,32,01,07,02,174119756,90893857,2,7083957,70,34907
12133,2012-11-12,05,07,13,29,30,01,05,29,30,07,13,05,05,01,177867882,91763431,0,0,24,185749
12132,2012-11-10,05,08,21,25,33,01,11,33,08,21,25,05,01,11,158224875,99422591,3,6760872,126,25631
12131,2012-11-07,02,16,18,27,30,08,12,30,16,18,02,27,12,08,165300948,90069224,1,10000000,29,106385
12130,2012-11-05,14,19,23,29,30,06,07,14,23,29,19,30,07,06,162055982,87503658,1,8206711,21,135733
12129,2012-11-03,01,07,21,28,31,03,09,01,28,31,21,07,03,09,162359872,94242307,1,10000000,30,113161
12128,2012-10-31,09,10,19,30,31,04,11,30,31,19,09,10,04,11,158101513,86991830,13,5000000,136,12000
12127,2012-10-29,12,13,14,25,35,10,12,13,12,35,14,25,12,10,232101513,87738452,1,10000000,31,138429
12126,2012-10-27,13,14,21,28,29,05,10,21,14,28,13,29,10,05,222582953,95611728,0,0,21,239654
12125,2012-10-24,06,14,17,22,35,01,02,22,06,14,17,35,01,02,202092498,86722271,0,0,28,146921
12124,2012-10-22,07,11,19,20,35,05,10,19,11,20,07,35,10,05,185343410,84938472,1,9732065,55,47510
12123,2012-10-20,05,08,18,30,33,01,09,08,05,18,30,33,09,01,183245311,92384268,2,7423207,44,60961
12122,2012-10-17,23,24,25,29,31,03,12,31,29,25,24,23,12,03,185975688,84662712,1,10000000,55,70347
12121,2012-10-15,07,18,20,29,30,05,06,18,30,20,29,07,05,06,180675093,85404825,6,5797310,59,50260
12120,2012-10-13,02,10,21,23,29,03,04,02,23,29,10,21,04,03,205781709,93463759,1,9920032,52,57143
12119,2012-10-10,05,06,09,19,32,06,09,19,05,32,09,06,06,09,203401661,84197556,1,10000000,25,3371725
12118,2012-10-08,05,17,25,30,33,01,12,25,30,17,05,33,01,12,198330008,82368464,0,0,30,131161
12117,2012-10-06,01,12,18,21,33,07,08,33,18,01,21,12,08,07,181213469,86058922,2,7174572,134,17809
12116,2012-10-03,01,11,18,20,22,07,10,01,18,11,20,22,10,07,184689749,72022417,0,0,24,133899
12115,2012-10-01,01,06,13,19,23,06,09,23,13,06,19,01,06,09,169023532,69446925,0,0,9,440674
12114,2012-09-29,03,06,21,33,35,01,07,35,03,21,06,33,01,07,154150771,89017250,0,0,18,274665
12113,2012-09-26,03,10,22,27,29,03,12,03,10,27,22,29,12,03,133756829,80773978,2,6159271,84,16202
12112,2012-09-24,01,02,28,31,35,05,07,01,28,31,35,02,05,07,140279011,81099610,2,7509082,26,138505
12111,2012-09-22,01,24,25,30,33,04,11,25,33,30,01,24,11,04,143493586,88314707,0,0,17,235216
12110,2012-09-19,01,11,17,19,26,05,12,01,26,11,17,19,12,05,125852385,81741224,5,5832108,33,72231
12109,2012-09-17,01,22,30,32,35,09,11,35,01,32,30,22,11,09,144611573,81799464,4,6225248,42,70721
12108,2012-09-15,06,07,12,24,35,02,06,35,06,07,24,12,06,02,157260079,90264220,1,10000000,48,68970
12107,2012-09-12,04,07,09,22,33,01,03,09,22,04,07,33,03,01,153914360,81786911,0,0,28,138633
12106,2012-09-10,15,23,25,29,31,09,10,29,25,23,15,31,09,10,137174318,80675002,2,7920817,15,231810
12105,2012-09-08,05,06,14,15,31,06,08,05,15,31,14,06,08,06,138411865,89754073,2,7761792,26,152455
12104,2012-09-05,16,18,24,25,27,04,09,25,24,27,16,18,09,04,140640872,81198871,0,0,20,205246
12103,2012-09-03,02,09,18,23,24,01,04,09,23,02,24,18,04,01,121552988,79540358,1,9663383,21,224066
12102,2012-09-01,02,04,06,13,35,04,08,06,35,02,04,13,08,04,118360865,87514716,1,10000000,22,207994
12101,2012-08-29,02,05,08,09,31,03,07,31,02,09,08,05,03,07,109329359,80597889,1,5000000,16,231955
12100,2012-08-27,07,09,13,19,27,01,03,27,07,19,13,09,03,01,97280598,81304308,11,5299455,40,62386
12099,2012-08-25,12,18,24,25,32,02,12,24,12,18,25,32,02,12,160992010,90063317,0,0,17,289212
12098,2012-08-22,02,11,28,29,30,06,12,28,29,30,11,02,12,06,140602551,82055498,1,7690908,47,54156
12097,2012-08-20,09,17,24,29,32,01,02,29,24,17,32,09,01,02,142144368,80344147,1,10000000,26,112192
12096,2012-08-18,05,10,19,24,35,08,09,05,24,10,19,35,08,09,138933742,88805215,0,0,44,78763
12095,2012-08-15,06,09,22,27,30,08,12,22,06,30,27,09,12,08,122925022,81331179,2,7260601,29,132377
12094,2012-08-13,02,14,23,32,35,01,10,14,35,32,23,02,10,01,127108672,78940678,2,6712149,26,98269
12093,2012-08-11,02,16,21,31,33,04,11,16,02,31,21,33,11,04,133431285,88134396,1,10000000,22,204182
12092,2012-08-08,08,09,23,25,31,02,12,31,08,09,23,25,12,02,124289219,77673891,2,7033397,23,138762
12091,2012-08-06,03,10,28,31,33,01,09,03,10,28,33,31,01,09,129358969,78967695,1,7921491,28,104572
12090,2012-08-04,02,21,27,29,33,02,10,02,21,29,33,27,10,02,130347386,86568483,1,10000000,37,100333
12089,2012-08-01,06,12,21,29,32,06,11,06,29,12,21,32,06,11,125297322,78492327,0,0,23,159223
12088,2012-07-30,13,17,24,30,35,02,10,17,30,13,35,24,02,10,108698300,77824388,2,7856000,14,224000
12087,2012-07-28,01,06,07,21,31,04,11,01,31,21,06,07,11,04,110130296,87077255,1,5000000,16,261323
12086,2012-07-25,03,20,25,29,32,05,10,32,20,25,29,03,05,10,95922991,78946927,0,0,17,201532
12085,2012-07-23,07,18,29,31,33,10,12,33,31,29,18,07,12,10,82168393,79262178,7,5470189,33,84670
12084,2012-07-21,21,24,27,29,31,01,02,29,27,21,24,31,01,02,122538709,87316969,1,9773682,31,149762
12083,2012-07-18,16,19,28,29,31,05,08,28,31,29,19,16,08,05,119081870,80519889,1,10000000,26,141296
12082,2012-07-16,02,04,09,10,15,08,10,02,09,15,04,10,08,10,114033805,80587602,2,8572096,22,173824
12081,2012-07-14,10,16,17,30,35,01,08,17,35,30,10,16,08,01,113317516,88440294,1,9538563,36,107580
12080,2012-07-11,11,12,14,25,28,02,05,28,12,25,14,11,02,05,110424961,80420397,0,0,19,209925
12079,2012-07-09,01,05,25,32,33,01,10,01,33,05,32,25,01,10,92633784,79358981,1,5000000,11,421285
12078,2012-07-07,01,02,23,25,35,05,12,01,25,23,02,35,12,05,80255739,90043223,4,5000000,38,107431
12077,2012-07-04,10,30,32,33,34,02,03,32,34,10,30,33,03,02,82771249,80443734,5,5000000,135,12000
12076,2012-07-02,02,14,16,22,24,02,05,02,22,24,14,16,05,02,110771249,80072550,0,0,14,378898
12075,2012-06-30,07,09,10,18,22,05,10,18,10,07,22,09,05,10,90026538,91308852,0,0,24,180579
12074,2012-06-27,10,22,23,30,32,01,07,22,32,23,10,30,01,07,70930242,89310405,50,5124457,47,77398
12073,2012-06-25,18,23,29,33,34,02,07,23,29,18,34,33,07,02,311595963,88041836,1,10000000,25,155368
12072,2012-06-23,04,08,17,22,25,04,10,08,04,25,22,17,04,10,306680564,96524190,0,0,23,198049
12071,2012-06-20,13,23,29,31,34,06,08,31,29,34,23,13,08,06,286925096,91655172,2,7112532,33,119225
12070,2012-06-18,09,22,23,32,34,06,08,32,34,22,09,23,08,06,292784939,90123786,0,0,28,137976
12069,2012-06-16,02,04,22,25,34,02,11,34,04,25,02,22,11,02,276745169,101566246,1,10000000,14,387023
12068,2012-06-13,01,21,31,32,35,03,06,35,31,21,01,32,06,03,263814038,89260141,0,0,70,23820
12067,2012-06-11,20,22,27,30,33,01,02,27,30,22,20,33,02,01,256596305,88206089,1,10000000,19,216836
12066,2012-06-09,01,20,25,29,33,04,06,25,20,33,29,01,06,04,247731515,98611893,0,0,20,217826
12065,2012-06-06,10,22,28,29,34,05,11,28,29,10,34,22,05,11,227963752,90420169,2,7656219,41,82748
12064,2012-06-04,09,12,13,15,30,09,10,30,09,12,15,13,09,10,229995094,90348096,1,9566131,23,183103
12063,2012-06-02,11,25,26,29,35,01,02,35,26,29,11,25,02,01,227036376,98939363,2,7896195,43,76924
12062,2012-05-30,21,32,33,34,35,08,09,32,35,21,33,34,09,08,228347790,92554549,30,5000000,507,12000
12061,2012-05-28,05,10,14,27,33,07,09,27,33,05,10,14,07,09,384347790,90048368,2,8270453,69,54644
12060,2012-05-26,02,16,21,24,30,06,10,21,16,02,24,30,06,10,384536427,101189600,1,10000000,22,216993
12059,2012-05-23,09,13,19,21,27,03,04,09,19,27,21,13,03,04,379705028,95348657,4,7176230,24,201502
12058,2012-05-21,13,21,29,31,35,04,12,13,21,31,29,35,04,12,386647639,93525941,2,6397617,59,44634
12057,2012-05-19,01,02,14,33,34,03,05,02,01,34,14,33,03,05,395939072,93786172,1,10000000,22,203780
12056,2012-05-16,11,21,23,26,34,07,09,23,26,21,34,11,09,07,386376159,86198008,2,7996485,24,151337
12055,2012-05-14,07,22,26,32,33,01,08,26,22,32,07,33,01,08,387386703,84354924,2,7012551,59,38116
12054,2012-05-12,01,16,18,27,30,10,11,30,27,18,16,01,11,10,391349045,93112833,2,7473162,12,399703
12053,2012-05-09,11,12,26,28,31,07,12,12,11,31,26,28,12,07,395477861,82756548,0,0,20,223260
12052,2012-05-07,10,20,26,31,33,10,12,26,20,10,33,31,12,10,377226308,81471740,1,10000000,22,166280
12051,2012-05-05,01,02,17,18,33,05,12,17,33,02,01,18,05,12,370141010,92673669,1,10000000,22,233300
12050,2012-05-02,13,17,22,28,29,01,10,29,13,17,22,28,01,10,357744136,83400618,2,8012098,31,116073
12049,2012-04-30,09,18,22,27,31,10,12,18,31,22,27,09,12,10,358707839,78398644,0,0,24,151668
12048,2012-04-28,06,09,26,30,35,05,06,09,35,06,30,26,05,06,343351390,94540722,3,6045041,73,29716
12047,2012-04-25,05,07,17,30,34,03,10,05,17,34,30,07,03,10,355708159,84357630,0,0,14,218464
12046,2012-04-23,04,08,19,23,27,04,11,08,04,19,27,23,11,04,342272592,82530964,0,0,23,138765
12045,2012-04-21,05,11,17,20,28,11,12,11,28,20,17,05,11,12,327494107,92180256,1,9201429,87,41727
12044,2012-04-18,03,04,14,32,35,01,02,32,14,03,04,35,01,02,325410674,85892219,3,7310376,11,504082
12043,2012-04-16,01,06,25,31,34,03,09,34,31,06,01,25,03,09,330934635,84038794,0,0,17,155260
12042,2012-04-14,07,24,27,28,35,07,12,27,07,24,28,35,12,07,317892751,91457793,3,6613924,33,119549
12041,2012-04-11,01,02,13,22,23,02,10,13,01,02,23,22,02,10,328725027,83292294,1,9920805,27,156216
12040,2012-04-09,02,13,23,28,29,01,05,02,13,23,28,29,05,01,324915094,83497529,0,0,30,139686
12039,2012-04-07,15,21,22,24,35,01,05,21,24,35,15,22,01,05,305743107,93381476,3,7811240,60,67415
12038,2012-04-04,11,23,25,31,35,01,03,31,23,11,25,35,03,01,308092525,79903202,0,0,10,425213
12037,2012-04-02,09,13,27,31,35,03,10,35,09,31,27,13,03,10,288320107,78247988,0,0,27,100038
12036,2012-03-31,01,09,20,30,31,08,12,09,30,01,31,20,12,08,275715296,93125386,0,0,84,61841
12035,2012-03-28,01,04,30,32,35,08,12,01,35,32,30,04,08,12,255400272,85560035,3,7421871,26,167025
12034,2012-03-26,01,08,15,16,29,08,09,01,16,29,15,08,08,09,259501847,85603413,2,7726144,18,218764
12033,2012-03-24,08,13,19,27,32,01,08,13,27,19,32,08,01,08,261869884,94884885,0,0,41,105351
12032,2012-03-21,07,08,16,26,34,07,11,07,26,16,34,08,07,11,241879359,86307926,0,0,42,98441
12031,2012-03-19,19,21,23,25,30,03,08,25,19,23,30,21,08,03,222387989,86577924,2,7763574,18,234813
12030,2012-03-17,03,21,22,26,32,01,03,26,22,03,21,32,01,03,224610048,98542242,1,10000000,15,367456
12029,2012-03-14,04,07,08,18,29,07,10,07,04,08,29,18,07,10,213113822,89622157,0,0,27,125662
12028,2012-03-12,10,12,15,33,34,03,10,12,10,15,33,34,03,10,198411361,86559171,0,0,35,60766
12027,2012-03-10,03,10,11,22,31,05,07,22,31,10,11,03,07,05,189752158,95971572,6,6159670,39,104474
12026,2012-03-07,10,11,22,23,29,02,09,29,22,23,11,10,09,02,209315120,85927802,2,5549788,55,15321
12025,2012-03-05,01,02,05,12,27,04,07,01,05,12,02,27,07,04,220170940,87875533,1,10000000,30,139176
12024,2012-03-03,03,11,17,21,30,03,07,03,17,21,30,11,03,07,210442692,97249349,5,6097068,44,88565
12023,2012-02-29,07,09,17,29,35,09,10,29,07,17,09,35,09,10,231239956,91666115,2,8513649,27,147322
12022,2012-02-27,07,12,20,33,35,01,10,35,12,20,33,07,01,10,230699005,90283501,3,6746733,66,43777
12021,2012-02-25,10,15,21,31,34,07,08,15,34,31,10,21,07,08,237838706,99364364,3,7621507,25,191350
12020,2012-02-22,12,14,27,29,34,03,06,12,14,29,34,27,06,03,241041919,90897202,1,10000000,27,153622
12019,2012-02-20,07,09,17,30,34,01,12,30,09,34,07,17,12,01,232722464,89499046,1,10000000,19,201424
12018,2012-02-18,03,10,14,29,31,04,08,03,31,10,29,14,08,04,227011384,99822905,0,0,20,235881
12017,2012-02-15,06,11,22,29,34,03,12,34,06,29,22,11,12,03,205074410,88488285,16,5000000,338,12000
12016,2012-02-13,05,14,20,29,31,08,12,29,20,05,31,14,08,12,294074410,87031289,0,0,26,164830
12015,2012-02-11,12,13,24,26,33,06,08,24,33,13,12,26,06,08,275778245,95884232,3,7045244,34,102262
12014,2012-02-08,10,14,24,30,32,01,12,24,14,10,32,30,12,01,281574644,83871244,2,8453986,21,201987
12013,2012-02-06,07,08,11,12,24,01,02,07,11,24,12,08,02,01,281212681,82271346,7,5730683,24,159190
12012,2012-02-04,06,18,22,30,35,02,07,30,35,06,18,22,02,07,320252410,92326799,2,9001754,29,144991
12011,2012-02-01,05,19,22,29,30,02,04,30,29,05,19,22,02,04,318247147,81889658,1,10000000,35,91013
12010,2012-01-30,25,26,29,32,34,05,07,32,29,26,25,34,07,05,314253773,81078669,0,0,34,102158
12009,2012-01-21,06,14,20,29,35,09,10,35,20,29,14,06,09,10,299389761,102935799,1,10000000,32,136635
12008,2012-01-18,06,08,30,31,32,01,11,31,06,08,32,30,11,01,289611772,84499619,1,10000000,52,60706
12007,2012-01-16,04,05,13,17,25,07,10,25,13,04,17,05,10,07,286271587,84157452,1,10000000,39,91632
12006,2012-01-14,03,20,22,25,27,01,09,27,20,25,03,22,01,09,280396272,95280803,1,10000000,29,163276
12005,2012-01-11,01,02,29,31,33,07,12,01,02,31,33,29,12,07,268966261,87772129,0,0,34,102548
12004,2012-01-09,10,11,22,31,32,06,07,10,32,31,11,22,07,06,254045459,86852728,0,0,32,101974
12003,2012-01-07,16,22,24,33,34,03,10,22,24,33,34,16,03,10,239743471,97363283,2,8677334,21,233481
12002,2012-01-04,03,11,14,26,29,07,08,03,11,14,29,26,08,07,238711466,86112821,1,10000000,31,105304
12001,2012-01-02,07,27,28,32,33,01,12,33,32,27,07,28,01,12,234100467,82753736,5,5259017,138,12000
11154,2011-12-31,04,12,16,20,28,08,11,16,28,12,04,20,11,08,262691603,101724253,0,0,25,186045
11153,2011-12-28,06,22,29,30,35,03,05,06,29,22,30,35,05,03,243156811,88096248,0,0,44,81259
11152,2011-12-26,01,04,06,21,35,02,11,21,06,01,04,35,02,11,228103496,86403094,0,0,14,279657
11151,2011-12-24,07,11,14,20,27,03,10,27,20,14,11,07,10,03,210904537,96680030,2,8072990,27,155746
11150,2011-12-21,13,22,30,33,34,06,12,33,34,13,30,22,12,06,211919872,86462940,7,5108847,93,12000
11149,2011-12-19,02,07,12,29,31,03,05,31,07,02,12,29,03,05,245776977,87367470,1,10000000,22,207058
11148,2011-12-17,07,10,11,26,31,03,04,11,10,26,07,31,03,04,236831159,93916125,2,7834174,46,67965
11147,2011-12-14,01,15,16,27,28,02,07,27,16,01,15,28,07,02,238328635,88349665,1,10000000,28,162994
11146,2011-12-12,09,13,19,29,34,02,11,19,29,13,34,09,02,11,227180037,86403431,0,0,28,132310
11145,2011-12-10,07,15,19,24,29,04,06,07,24,15,29,19,06,04,208226606,92985042,1,10000000,49,82336
11144,2011-12-07,07,18,24,28,33,02,03,28,18,07,33,24,03,02,197910066,84813847,0,0,51,50520
11143,2011-12-05,08,09,12,25,33,07,10,08,25,09,33,12,07,10,186088213,85953558,1,10000000,32,116835
11142,2011-12-03,04,26,30,33,34,04,06,30,26,33,04,34,04,06,180227762,94416077,3,6666943,21,189733
11141,2011-11-30,02,11,19,22,35,10,12,35,22,11,02,19,12,10,190726011,83501512,2,7002109,69,31554
11140,2011-11-28,01,12,32,33,34,09,11,33,12,32,01,34,11,09,194719682,84991439,2,6375620,41,58693
11139,2011-11-26,04,06,10,15,16,03,04,04,16,10,15,06,04,03,204116699,95740821,1,10000000,23,214713
11138,2011-11-23,17,23,26,30,32,06,12,17,32,26,30,23,06,12,192215936,86193005,3,6287223,43,76360
11137,2011-11-21,02,15,18,23,31,01,02,23,18,02,15,31,01,02,205106425,85186217,0,0,26,151985
11136,2011-11-19,08,09,11,19,33,03,12,33,11,19,09,08,03,12,187894014,94285070,1,10000000,14,362786
11135,2011-11-16,06,22,29,33,35,03,12,22,06,35,29,33,12,03,183215202,86259820,1,10000000,24,161505
11134,2011-11-14,01,10,12,14,17,09,10,12,14,17,10,01,10,09,176136024,85194456,0,0,15,304442
11133,2011-11-12,04,11,23,26,35,03,12,04,23,35,26,11,12,03,155586179,95538914,6,5959919,60,67958
11132,2011-11-09,12,14,16,19,33,02,09,33,16,12,14,19,09,02,181219052,85110386,1,10000000,17,226636
11131,2011-11-07,03,05,12,18,33,07,11,05,33,12,03,18,07,11,173711416,86318167,1,10000000,29,109975
11130,2011-11-05,08,09,13,23,35,11,12,09,08,23,13,35,11,12,169772009,95428576,1,9530604,17,234594
11129,2011-11-02,01,07,13,18,23,04,08,13,01,23,07,18,04,08,166898558,85738115,0,0,32,120946
11128,2011-10-31,03,04,06,11,13,01,02,06,11,04,03,13,01,02,147214578,86120096,0,0,28,182549
11127,2011-10-29,01,11,22,26,29,05,08,29,11,01,22,26,05,08,126403896,93458807,1,10000000,25,148889
11126,2011-10-26,07,17,29,30,33,10,12,07,29,33,17,30,10,12,121775456,84597838,2,6714788,72,28651
11125,2011-10-24,07,10,27,34,35,10,12,34,35,10,27,07,10,12,126631088,81800266,0,0,25,148773
11124,2011-10-22,08,12,14,20,25,06,08,08,25,12,20,14,08,06,109336208,91126295,0,0,33,126311
11123,2011-10-19,10,14,18,19,35,01,06,35,14,18,10,19,06,01,90578986,83017071,2,5000000,37,80442
11122,2011-10-17,03,08,23,24,34,05,12,08,34,23,03,24,12,05,88150642,81834817,3,5000000,36,93211
11121,2011-10-15,02,03,30,31,33,03,09,03,02,31,33,30,03,09,88050408,90476880,0,0,32,125927
11120,2011-10-12,20,25,26,30,31,09,10,20,31,26,30,25,09,10,70955762,84084781,10,5303543,45,55937
11119,2011-10-10,04,15,20,26,31,06,12,26,31,04,20,15,12,06,132763457,84425624,0,0,37,125407
11118,2011-10-08,04,07,11,32,35,05,07,32,07,35,11,04,07,05,113105840,92127620,0,0,29,166295
11117,2011-10-05,10,12,28,32,33,03,05,10,28,33,32,12,05,03,93150429,74465435,1,5000000,44,35208
11116,2011-10-03,10,15,18,19,26,07,12,26,18,10,19,15,07,12,91469633,70949104,0,0,14,271067
11115,2011-10-01,17,26,30,31,35,06,11,17,31,35,30,26,06,11,75408885,83064433,0,0,18,185301
11114,2011-09-28,06,08,17,27,35,02,11,27,17,35,06,08,11,02,59148718,77707216,0,0,28,137669
11113,2011-09-26,04,05,07,10,12,04,05,05,07,12,10,04,04,05,43144622,78810315,2,5000000,15,262084
11112,2011-09-24,06,17,28,32,33,08,12,28,06,17,32,33,12,08,36043587,84408746,0,0,75,29891
11111,2011-09-21,02,11,13,23,31,11,12,11,31,02,23,13,12,11,25888039,70482914,0,0,17,189143
11110,2011-09-19,30,31,33,34,35,04,07,35,31,34,33,30,04,07,0,81941832,65,693588,1203,12000
11109,2011-09-17,01,11,12,22,34,08,10,34,01,22,12,11,10,08,52990177,91438308,1,5000000,25,173618
11108,2011-09-14,07,15,18,24,28,01,07,28,24,18,07,15,01,07,38197639,79849685,0,0,26,161578
11107,2011-09-12,02,06,18,30,32,01,08,30,18,06,32,02,01,08,989564,72822076,6,5000000,42,61825
11106,2011-09-10,01,09,29,30,35,05,09,01,09,30,29,35,05,09,0,91808460,10,4434500,150,16698
11105,2011-09-07,02,11,26,32,33,05,12,32,33,26,11,02,05,12,47353889,86608080,0,0,19,252626
11104,2011-09-05,07,19,27,28,34,02,05,07,28,27,34,19,02,05,27080587,83754211,2,5000000,78,27486
11103,2011-09-03,03,04,26,29,34,01,03,29,34,26,04,03,03,01,27371055,94563941,3,5000000,33,141918
11102,2011-08-31,19,24,28,31,34,04,12,34,19,31,28,24,04,12,25250000,82689764,1,5000000,19,200597
11101,2011-08-29,05,12,20,28,30,03,07,28,30,20,12,05,03,07,14156217,90688655,32,5086232,158,12430
11100,2011-08-27,08,11,13,28,33,08,09,28,08,33,11,13,08,09,260611163,100342747,1,9261493,50,71923
11099,2011-08-24,02,06,09,12,20,05,08,06,09,12,20,02,08,05,258383576,90999691,2,8522871,24,170187
11098,2011-08-22,06,07,28,33,35,01,10,28,35,33,06,07,10,01,257814962,90755796,2,8656154,32,136934
11097,2011-08-20,04,19,28,31,33,11,12,31,28,33,04,19,11,12,256846500,101197498,1,10000000,27,204265
11096,2011-08-17,03,08,20,24,25,01,02,08,25,24,03,20,01,02,245245462,92112778,2,8451117,71,52769
11095,2011-08-15,09,12,17,19,29,06,11,12,29,19,09,17,06,11,244892108,88632964,1,9601015,71,38056
11094,2011-08-13,11,21,22,32,34,04,08,21,11,22,34,32,08,04,242990584,98719396,4,6714576,58,65881
11093,2011-08-10,04,06,08,19,31,10,11,31,19,08,04,06,11,10,252703120,90159691,0,0,18,208394
11092,2011-08-08,10,17,19,32,33,01,12,32,19,33,10,17,12,01,234885420,90900093,2,8383140,30,121259
11091,2011-08-06,11,17,23,29,30,06,08,29,30,11,17,23,08,06,234735997,103226069,1,10000000,54,80880
11090,2011-08-03,02,04,29,30,34,05,08,29,30,34,02,04,08,05,223262272,92181969,0,0,21,184156
11089,2011-08-01,05,06,23,27,34,03,04,05,27,34,23,06,04,03,207931278,92442848,0,0,24,238538
11088,2011-07-30,20,21,27,29,35,03,08,21,20,27,35,29,08,03,184850000,104344297,4,7050900,28,183525
11087,2011-07-27,06,13,20,25,34,07,09,34,06,25,20,13,07,09,192547274,91364808,2,6175342,82,22536
11086,2011-07-25,04,05,06,09,15,01,06,15,06,04,05,09,06,01,200963433,89388176,0,0,19,223417
11085,2011-07-23,02,17,19,21,22,03,10,19,02,21,22,17,03,10,181020000,102298924,5,6075660,30,121690
11084,2011-07-20,14,29,31,34,35,01,12,35,31,29,14,34,12,01,199987836,95024927,0,0,48,83255
11083,2011-07-18,06,08,18,20,24,04,08,20,18,24,06,08,08,04,182379281,94242715,2,7660870,73,42336
11082,2011-07-16,07,20,25,30,32,05,09,07,32,30,20,25,05,09,184396669,106787273,4,6662493,31,172554
11081,2011-07-13,04,13,20,21,35,02,09,04,20,13,35,21,09,02,197429220,95329740,0,0,28,129382
11080,2011-07-11,05,12,30,31,32,01,03,30,12,31,32,05,03,01,180641784,93978157,0,0,35,110792
11079,2011-07-09,01,03,23,30,31,02,10,30,31,23,01,03,10,02,162610000,109599428,1,1000000,19,275371
11078,2011-07-06,04,09,16,27,30,02,06,16,30,09,04,27,02,06,146794221,96091331,2,7641711,65,55977
11077,2011-07-04,05,08,19,33,34,01,12,33,19,05,34,08,12,01,149491545,94881787,1,10000000,36,112895
11076,2011-07-02,18,23,25,29,30,01,02,30,29,18,23,25,01,02,140694437,108032153,2,11353637,25,198796
11075,2011-06-29,06,09,20,23,28,06,10,09,28,23,06,20,10,06,137630000,99290929,3,8091523,17,300147
11074,2011-06-27,07,16,23,28,31,03,06,16,07,28,23,31,06,03,138721670,102090087,25,5266941,142,21182
11073,2011-06-25,13,19,20,22,33,05,11,33,13,20,22,19,11,05,317666106,114496899,2,10844864,43,93341
11072,2011-06-22,03,11,13,20,35,03,08,11,20,35,13,03,03,08,319871133,103091748,0,0,30,163834
11071,2011-06-20,27,31,33,34,35,04,06,35,27,31,34,33,06,04,299596663,105844387,2,5998038,184,12000
11070,2011-06-18,09,19,22,29,30,02,08,19,30,22,29,09,02,08,306600000,116191211,13,5130879,147,12000
11069,2011-06-15,03,05,28,29,33,04,12,28,05,29,33,03,04,12,377697008,105442230,2,7498471,56,61515
11068,2011-06-13,01,13,16,18,32,07,09,18,01,16,13,32,09,07,380952965,105704934,1,10000000,9,617126
11067,2011-06-11,10,17,22,24,32,03,10,17,24,10,22,32,10,03,367347891,117519124,5,5544352,88,23547
11066,2011-06-08,06,13,18,20,33,09,10,18,13,33,20,06,10,09,395795484,102319445,0,0,36,127883
11065,2011-06-06,03,11,14,25,34,01,04,11,14,03,25,34,01,04,375078277,96759634,1,14000000,27,182044
11064,2011-06-04,01,06,27,30,34,01,06,27,30,01,34,06,01,06,362140610,114835819,1,15000000,23,301345
11063,2011-06-01,10,17,18,26,32,01,05,17,32,10,26,18,05,01,348759449,103484742,0,0,28,181307
11062,2011-05-30,06,10,17,20,21,03,07,10,20,06,21,17,07,03,326860000,104437410,2,8584705,22,237156
11061,2011-05-28,06,07,16,18,20,04,10,18,06,07,16,20,10,04,325886265,119067560,3,8083802,22,282485
11060,2011-05-25,03,25,29,32,34,09,10,25,03,34,32,29,10,09,327233734,110273508,2,7884625,33,128205
11059,2011-05-23,09,16,21,29,34,07,10,21,16,29,09,34,07,10,328980000,111037756,0,0,28,204157
11058,2011-05-21,01,09,27,32,33,03,06,01,33,32,09,27,03,06,303872297,123623363,21,5000000,221,12000
11057,2011-05-18,07,11,30,31,34,09,12,07,31,34,30,11,09,12,426872297,111836045,1,14000000,25,186324
11056,2011-05-16,03,05,29,30,31,08,10,05,03,31,29,30,10,08,414373623,113369983,3,9668447,67,75461
11055,2011-05-14,01,07,31,32,35,02,10,07,35,31,32,01,10,02,419164003,121919915,0,0,40,155267
11054,2011-05-11,05,09,16,26,35,03,10,26,35,16,09,05,10,03,392030969,96198701,0,0,32,137723
11053,2011-05-09,03,16,28,31,32,01,09,16,03,32,28,31,09,01,372405323,92967750,0,0,13,427827
11052,2011-05-07,13,24,31,32,33,03,09,32,13,24,31,33,03,09,349623523,103826788,4,6520277,41,82066
11051,2011-05-04,06,08,12,17,18,05,10,08,18,17,06,12,05,10,360501853,94449532,2,8303466,19,200210
11050,2011-05-02,04,07,29,32,33,08,10,33,04,29,32,07,10,08,360591452,87452567,1,10000000,32,84997
11049,2011-04-30,05,06,10,22,25,01,09,22,06,25,10,05,09,01,357714362,105382597,2,7258678,39,90625
11048,2011-04-27,13,17,25,27,28,02,03,28,27,17,25,13,03,02,361905515,97367653,5,5000000,255,12000
11047,2011-04-25,02,15,22,33,35,05,08,22,35,15,33,02,05,08,386905515,96770184,1,10000000,12,320909
11046,2011-04-23,09,15,16,19,29,04,06,29,16,19,15,09,06,04,381020504,107968006,2,6927047,112,32524
11045,2011-04-20,13,21,22,29,31,07,11,31,13,21,22,29,11,07,387770674,95364376,0,0,38,106097
11044,2011-04-18,11,21,24,26,31,06,07,21,11,26,24,31,07,06,371458144,89608392,0,0,50,50826
11043,2011-04-16,02,08,23,33,35,05,10,02,33,23,35,08,05,10,361242100,93914514,0,0,79,34461
11042,2011-04-13,06,09,18,30,32,10,12,06,30,09,18,32,10,12,349947313,87928876,1,10000000,44,95042
11041,2011-04-11,04,05,11,13,25,03,06,25,11,13,04,05,03,06,341699221,87556274,3,7023022,24,168585
11040,2011-04-09,03,07,15,18,20,01,06,07,18,20,15,03,01,06,348774894,96069406,0,0,20,262412
11039,2011-04-06,01,11,14,22,34,06,08,14,34,11,22,01,06,08,327322701,85116728,2,8645112,16,264138
11038,2011-04-04,07,09,11,13,33,10,12,09,33,13,11,07,10,12,326387365,80422215,1,9768864,16,276455
11037,2011-04-02,01,12,14,22,24,10,12,14,12,22,01,24,12,10,322942088,96693251,1,10000000,20,228088
11036,2011-03-30,03,18,29,30,33,08,09,30,18,33,03,29,08,09,313269458,85781802,0,0,20,197124
11035,2011-03-28,03,04,13,15,32,04,09,04,03,15,13,32,04,09,298041572,84025048,0,0,10,425305
11034,2011-03-26,03,06,09,17,27,03,09,09,03,27,17,06,09,03,279221801,94247323,0,0,29,171438
11033,2011-03-23,03,19,24,29,33,03,09,29,33,03,19,24,03,09,256334761,83735466,1,9011343,17,207707
11032,2011-03-21,07,16,23,31,33,03,10,16,31,33,07,23,03,10,254707534,81643680,1,10000000,29,92828
11031,2011-03-19,12,17,19,22,35,04,11,19,17,35,12,22,11,04,250852819,93937733,0,0,26,172597
11030,2011-03-16,15,19,25,30,33,03,08,19,33,15,25,30,08,03,232471208,81778553,9,5000000,112,12000
11029,2011-03-14,03,09,17,24,28,06,12,28,24,03,17,09,06,12,283471208,80911079,2,7505209,30,129236
11028,2011-03-12,01,02,13,17,28,01,04,01,02,17,28,13,04,01,286700891,91860917,0,0,32,148208
11027,2011-03-09,05,14,25,34,35,02,05,25,34,35,14,05,05,02,266248099,84423224,3,6956120,62,55101
11026,2011-03-07,01,09,15,20,29,07,09,20,29,15,09,01,09,07,272445556,82639796,0,0,13,320570
11025,2011-03-05,08,09,25,28,29,02,10,25,08,09,29,28,02,10,254653894,90511689,1,10000000,50,81096
11024,2011-03-02,12,15,16,20,33,08,12,33,16,20,12,15,08,12,247441137,79549112,1,10000000,19,220199
11023,2011-02-28,05,13,16,18,24,02,12,05,16,24,18,13,02,12,238779266,78141115,1,9775276,16,259878
11022,2011-02-26,09,14,24,25,34,01,04,34,25,24,14,09,04,01,235318601,88756676,0,0,27,167019
11021,2011-02-23,01,09,13,17,30,02,08,01,09,13,17,30,02,08,216528880,77486022,0,0,31,83696
11020,2011-02-21,09,12,19,22,28,01,05,22,12,19,28,09,05,01,204915970,75264171,0,0,27,119069
11019,2011-02-19,08,21,23,27,33,06,11,27,33,23,08,21,11,06,190984829,86106831,3,5819512,58,29891
11018,2011-02-16,16,22,24,32,34,02,10,34,16,24,32,22,02,10,204559462,71591148,0,0,14,242197
11017,2011-02-14,16,19,24,26,31,02,04,16,31,26,24,19,04,02,190209245,67218101,0,0,19,172191
11016,2011-02-12,15,20,30,33,35,06,09,20,33,15,35,30,06,09,177160000,74768258,0,0,30,86197
11015,2011-02-09,08,18,19,22,23,01,03,18,22,23,08,19,03,01,164940000,61116088,0,0,29,85859
11014,2011-01-31,02,14,20,21,24,02,09,14,20,02,24,21,09,02,155416933,68783676,0,0,15,254573
11013,2011-01-29,05,08,14,28,30,04,06,14,05,08,28,30,04,06,139951606,75146172,0,0,29,86205
11012,2011-01-26,03,12,19,25,30,08,11,19,03,12,30,25,11,08,127667330,67808306,2,6806047,40,51675
11011,2011-01-24,02,17,23,24,30,02,09,02,24,30,23,17,09,02,132249188,65868407,0,0,24,112679
11010,2011-01-22,04,08,10,14,27,05,07,04,14,08,27,10,07,05,120840432,73127513,0,0,14,271617
11009,2011-01-19,09,10,11,14,24,03,08,10,14,11,09,24,03,08,104135936,65249173,1,5000000,16,172225
11008,2011-01-17,01,23,26,27,30,05,06,01,30,26,23,27,05,06,98414874,65912879,2,6728099,43,67768
11007,2011-01-15,14,24,32,33,35,02,09,32,24,33,14,35,02,09,104670000,71802234,0,0,48,51369
11006,2011-01-12,02,08,16,26,35,11,12,26,16,35,02,08,11,12,93810617,68116097,8,5474021,31,96769
11005,2011-01-10,01,07,25,27,30,07,12,,,,,,,,148700000,68602032,0,0,12,346192
11004,2011-01-08,07,08,10,23,25,07,09,,,,,,,,130793921,76345453,0,0,23,147428
11003,2011-01-05,01,24,27,30,31,01,06,,,,,,,,116750000,66980266,1,9782435,25,118966
11002,2011-01-03,11,13,27,28,29,02,06,,,,,,,,114577721,63595435,0,0,82,22713
11001,2011-01-01,07,08,15,32,34,05,12,,,,,,,,106260000,72601190,2,7506561,36,83136
10153,2010-12-29,06,07,16,24,35,04,06,,,,,,,,108740000,67696029,1,10000000,28,106954
10152,2010-12-27,02,05,18,22,23,07,12,,,,,,,,106070000,67198522,1,5000000,32,92418
10151,2010-12-25,01,10,32,33,35,03,08,,,,,,,,97069214,75884305,10,5282115,77,30417
10150,2010-12-22,05,24,28,29,35,01,09,,,,,,,,162060000,70254401,0,0,14,229688
10149,2010-12-20,05,22,24,25,30,01,06,,,,,,,,148960000,68713293,1,8501320,21,159604
10148,2010-12-18,03,04,08,10,35,02,06,,,,,,,,148560000,74147240,0,0,18,197322
10147,2010-12-15,01,15,19,21,23,11,12,,,,,,,,133020000,66009262,0,0,13,299969
10146,2010-12-13,14,17,30,31,34,04,10,,,,,,,,117050000,67029732,0,0,36,60756
10145,2010-12-11,18,19,27,28,33,03,06,,,,,,,,108300000,75190565,5,5603773,37,52420
10144,2010-12-08,02,11,16,22,31,10,11,,,,,,,,131231569,70224248,0,0,17,234732
10143,2010-12-06,10,16,18,22,27,06,08,,,,,,,,114680000,70677872,2,7695984,20,169558
10142,2010-12-04,10,11,19,21,27,04,06,,,,,,,,116590000,78555350,1,10000000,33,106314
10141,2010-12-01,05,11,17,23,33,03,10,,,,,,,,112242527,71550574,3,6236078,67,34901
10140,2010-11-29,06,18,20,30,31,03,06,,,,,,,,115572235,70653318,0,0,49,40534
10139,2010-11-27,03,13,16,19,29,07,09,,,,,,,,115570000,76745173,3,6390150,34,95872
10138,2010-11-24,08,12,14,19,27,05,06,,,,,,,,127810000,71201049,3,6430176,40,61380
10137,2010-11-22,22,27,28,33,35,09,11,,,,,,,,136370000,70991878,6,5292116,59,18665
10136,2010-11-20,03,13,18,30,33,07,08,,,,,,,,163749436,79923031,2,7136430,61,43566
10135,2010-11-17,14,17,19,26,32,03,04,,,,,,,,168410000,70738679,0,0,16,251710
10134,2010-11-15,09,12,13,19,30,04,05,,,,,,,,152180000,67662077,1,6676733,91,12000
10133,2010-11-13,11,16,17,21,22,03,06,,,,,,,,154666909,75926041,1,10000000,14,310906
10132,2010-11-10,18,21,23,25,29,06,11,,,,,,,,146940000,69621078,1,10000000,11,357575
10131,2010-11-08,10,15,22,28,29,04,12,,,,,,,,141390723,68740049,0,0,17,184772
10130,2010-11-06,05,06,09,10,34,08,11,,,,,,,,127110000,77341875,0,0,25,139806
10129,2010-11-03,14,15,24,25,26,03,07,,,,,,,,113060000,70819039,3,5417181,101,12000
10128,2010-11-01,06,17,19,29,35,02,08,,,,,,,,128810000,70281583,5,5336802,46,23371
10127,2010-10-30,03,22,24,30,33,04,10,,,,,,,,153984522,75260848,1,9402165,8,299467
10126,2010-10-27,03,05,09,13,33,05,11,,,,,,,,152381273,66524806,0,0,7,462186
10125,2010-10-25,01,07,09,14,19,09,12,,,,,,,,139200000,66663335,0,0,11,302559
10124,2010-10-23,01,09,27,29,34,01,06,,,,,,,,124680000,72653166,0,0,16,228498
10123,2010-10-20,18,20,30,32,33,01,11,,,,,,,,110460000,66411141,2,5996047,39,28377
10122,2010-10-18,05,06,11,13,26,02,07,,,,,,,,117470000,66373725,3,6514505,11,297935
10121,2010-10-16,21,22,31,32,34,02,12,,,,,,,,127290000,74948552,3,6682917,41,87047
10120,2010-10-13,08,10,18,34,35,06,10,,,,,,,,136207855,69038409,4,6028453,34,85241
10119,2010-10-11,05,13,14,23,26,02,03,,,,,,,,152110000,67852382,0,0,40,72655
10118,2010-10-09,19,22,23,29,35,08,10,,,,,,,,137943639,76404009,2,6501509,25,99336
10117,2010-10-06,04,06,21,27,34,05,09,,,,,,,,145087752,62632305,1,8198920,17,117176
10116,2010-10-04,14,22,27,28,35,04,10,,,,,,,,21332718,56784987,0,0,25,88315
10115,2010-10-02,05,07,10,15,32,03,08,,,,,,,,136016248,65524983,1,8826809,11,304621
10114,2010-09-29,03,07,22,25,35,03,11,,,,,,,,134830000,63838591,0,0,14,229281
10113,2010-09-27,05,16,22,23,32,04,10,,,,,,,,120730000,63320398,1,7297103,63,21448
10112,2010-09-25,14,15,18,34,35,08,10,,,,,,,,122280000,68835336,0,0,34,72205
10111,2010-09-22,03,06,13,14,29,01,02,,,,,,,,110310000,57890101,1,10000000,14,213614
10110,2010-09-20,21,29,30,33,35,07,11,,,,,,,,107660000,61233010,5,5000000,127,12000
10109,2010-09-18,01,02,08,11,25,10,12,,,,,,,,135660000,69672110,1,10000000,20,154635
10108,2010-09-15,01,10,13,19,34,09,12,,,,,,,,131270000,62114953,0,0,4,892118
10107,2010-09-13,14,17,22,27,34,03,05,,,,,,,,115890000,62175316,0,0,8,481747
10106,2010-09-11,05,27,28,29,34,09,12,,,,,,,,100354171,68873822,1,8059291,49,36290
10105,2010-09-08,05,17,26,27,35,08,09,,,,,,,,100765234,62352316,3,6164276,31,69717
10104,2010-09-06,14,25,30,32,33,01,11,,,,,,,,110525988,60416556,0,0,23,110553
10103,2010-09-04,10,14,29,30,35,05,08,,,,,,,,99490000,67247961,1,7675135,28,93864
10102,2010-09-01,04,15,19,24,35,01,10,,,,,,,,101070000,58562191,1,5000000,13,236724
10101,2010-08-30,11,15,22,27,35,05,08,,,,,,,,91340000,58593813,1,5000000,15,199570
10100,2010-08-28,19,20,30,33,35,06,08,,,,,,,,83319869,64495368,3,5000000,26,114588
10099,2010-08-25,03,11,17,21,30,01,08,,,,,,,,85850000,58457907,0,0,21,168600
10098,2010-08-23,02,03,12,13,25,01,07,,,,,,,,71440000,59220089,3,5000000,21,141962
10097,2010-08-21,09,17,21,28,29,02,08,,,,,,,,76020000,64370716,0,0,12,191350
10096,2010-08-18,04,09,24,30,35,01,10,,,,,,,,66550000,58771688,2,5000000,16,167960
10095,2010-08-16,12,14,16,19,25,01,06,,,,,,,,64580000,56577946,0,0,12,235946
10094,2010-08-14,20,32,33,34,35,06,07,,,,,,,,52900000,68284989,15,5000000,161,12000
10093,2010-08-11,02,04,09,28,29,05,08,,,,,,,,133909187,61816350,1,10000000,15,203039
10092,2010-08-09,02,15,29,30,34,02,12,,,,,,,,131110000,59055333,2,6115262,44,36065
10091,2010-08-07,06,10,23,26,31,05,07,,,,,,,,139760000,66214621,0,0,14,272479
10090,2010-08-04,08,24,26,31,32,07,09,,,,,,,,124230000,58501458,0,0,24,62207
10089,2010-08-02,04,10,13,18,23,08,10,,,,,,,,118070000,57414129,0,0,21,115956
10088,2010-07-31,03,05,14,30,35,03,06,,,,,,,,108160000,59905393,0,0,20,118923
10087,2010-07-28,01,12,20,21,24,02,08,,,,,,,,98170000,55063233,1,5000000,29,73295
10086,2010-07-26,01,02,12,19,35,05,07,,,,,,,,94540000,53608302,0,0,17,148062
10085,2010-07-24,02,10,16,18,34,02,03,,,,,,,,83770000,58856786,0,0,12,257885
10084,2010-07-21,03,13,14,22,26,02,05,,,,,,,,71580000,53749055,2,5000000,11,232489
10083,2010-07-19,07,11,21,22,35,04,07,,,,,,,,70420000,52191517,0,0,19,126432
10082,2010-07-17,05,08,24,29,30,04,06,,,,,,,,59990000,59031323,1,5000000,27,76811
10081,2010-07-14,14,18,20,24,27,05,10,,,,,,,,58830000,53790383,2,5000000,15,185402
10080,2010-07-12,08,19,27,29,34,04,10,,,,,,,,57990000,51730394,3,5000000,42,13323
10079,2010-07-10,01,04,21,22,24,02,05,,,,,,,,73620000,57860042,1,5000000,12,309554
10078,2010-07-07,02,03,15,28,35,01,11,,,,,,,,64690000,52509206,3,5000000,37,80283
10077,2010-07-05,06,07,09,17,24,02,12,,,,,,,,68190000,51385724,0,0,3,1018831
10076,2010-07-03,09,12,16,19,35,02,12,,,,,,,,54430000,58643115,1,5000000,7,525989
10075,2010-06-30,10,12,17,23,27,05,07,,,,,,,,47440000,53735820,0,0,12,246391
10074,2010-06-28,03,07,20,27,32,02,12,,,,,,,,35800000,52999626,0,0,21,97485
10073,2010-06-26,04,09,11,30,32,01,11,,,,,,,,26812404,60608663,1,5000000,13,250992
10072,2010-06-23,05,10,17,23,25,03,10,,,,,,,,17880000,54533355,2,5000000,18,121112
10071,2010-06-21,07,12,26,30,32,02,07,,,,,,,,24610000,55331384,11,5000000,66,12000
10070,2010-06-19,05,14,23,25,28,11,12,,,,,,,,88610000,61210368,0,0,31,68468
10069,2010-06-16,06,17,18,25,29,08,09,,,,,,,,79270000,53568152,2,5000000,59,15892
10068,2010-06-14,11,17,19,20,34,06,10,,,,,,,,85180000,53032771,0,0,12,210737
10067,2010-06-12,01,11,19,30,32,03,10,,,,,,,,73800000,62600663,1,5000000,78,12000
10066,2010-06-09,15,21,22,24,27,01,06,,,,,,,,75830000,56677441,0,0,5,662614
10065,2010-06-07,05,08,13,14,32,08,11,,,,,,,,60420000,55131467,0,0,34,40915
10064,2010-06-05,07,10,12,20,21,06,09,,,,,,,,54840000,61531531,4,5000000,16,166320
10063,2010-06-02,07,14,16,30,31,03,06,,,,,,,,68240000,57039300,3,5000000,15,198950
10062,2010-05-31,06,07,18,30,31,07,08,,,,,,,,73710000,56542229,2,5000000,36,57081
10061,2010-05-29,05,12,14,17,22,05,07,,,,,,,,78749467,62194144,0,0,13,239910
10060,2010-05-26,10,13,22,33,34,01,05,,,,,,,,65430000,56201529,0,0,6,396191
10059,2010-05-24,06,10,14,25,34,01,03,,,,,,,,54737276,54852390,1,5000000,6,453305
10058,2010-05-22,06,15,17,19,30,01,12,,,,,,,,46470000,62359762,0,0,9,436453
10057,2010-05-19,15,17,24,32,35,07,09,,,,,,,,30765762,57176020,0,0,14,165506
10056,2010-05-17,05,09,23,25,30,09,12,,,,,,,,19840000,56490604,1,5000000,27,65392
10055,2010-05-15,13,14,17,27,32,02,10,,,,,,,,17330000,62315353,1,5000000,18,146291
10054,2010-05-12,12,25,29,30,33,10,11,,,,,,,,14140000,55496523,0,0,39,40850
10053,2010-05-10,09,19,22,26,34,09,11,,,,,,,,7620000,55150582,7,5000000,95,12000
10052,2010-05-08,04,06,25,29,32,05,06,,,,,,,,42621421,61493077,0,0,14,248645
10051,2010-05-05,06,10,20,24,32,06,10,,,,,,,,28448605,55951362,1,5000000,19,148711
10050,2010-05-03,07,08,15,30,35,05,10,,,,,,,,21840000,54049738,7,5000000,29,85847
10049,2010-05-01,01,25,29,31,33,04,10,,,,,,,,49350000,60877355,5,5000000,17,75276
10048,2010-04-28,02,03,10,12,25,03,09,,,,,,,,72380000,58735417,0,0,11,170022
10047,2010-04-26,04,08,11,30,31,02,08,,,,,,,,64220000,56875743,1,5000000,18,96524
10046,2010-04-24,02,15,19,26,27,05,06,,,,,,,,61840000,62764147,1,5000000,27,83289
10045,2010-04-21,08,17,18,20,28,09,10,,,,,,,,57470000,57857829,0,0,19,137951
10044,2010-04-19,06,21,24,28,30,02,07,,,,,,,,44220000,58143721,2,5000000,10,302774
10043,2010-04-17,05,08,10,33,35,02,10,,,,,,,,46820000,63884681,1,5000000,16,158678
10042,2010-04-14,01,05,19,34,35,06,07,,,,,,,,40520000,57454140,1,5000000,38,62267
10041,2010-04-12,16,22,28,29,34,04,12,,,,,,,,36230000,57921241,1,5000000,41,40983
10040,2010-04-10,13,20,26,31,35,02,11,,,,,,,,33360000,64431044,4,5000000,38,61057
10039,2010-04-07,07,19,26,28,32,01,08,,,,,,,,42730000,56831012,0,0,34,65559
10038,2010-04-05,08,10,25,29,33,01,02,,,,,,,,33490000,54567749,1,5000000,15,185621
10037,2010-04-03,19,21,26,34,35,01,09,,,,,,,,25960000,61763460,1,5000000,33,70901
10036,2010-03-31,19,25,28,31,33,01,08,,,,,,,,21390000,55969409,1,5000000,14,207341
10035,2010-03-29,14,16,20,31,34,01,07,,,,,,,,13640000,53908713,1,5000000,9,304346
10034,2010-03-27,01,06,19,25,26,03,09,,,,,,,,0,62359829,11,1989778,21,132084
10033,2010-03-24,12,19,28,29,30,05,08,,,,,,,,0,56215279,6,4016973,79,12000
10032,2010-03-22,13,16,23,24,33,07,11,,,,,,,,25520000,56162851,1,5000000,14,184703
10031,2010-03-20,05,13,16,17,35,06,08,,,,,,,,0,62185672,5,4011638,9,316159
10030,2010-03-17,10,12,19,32,35,02,07,,,,,,,,0,57295895,10,1971731,54,12000
10029,2010-03-15,21,22,33,34,35,03,04,,,,,,,,23150000,57269938,11,5000000,370,12000
10028,2010-03-13,01,02,07,20,35,01,03,,,,,,,,78150000,66147851,0,0,10,359260
10027,2010-03-10,05,23,26,32,34,02,09,,,,,,,,63060000,57838370,5,5000000,41,12000
10026,2010-03-08,05,23,25,31,35,07,10,,,,,,,,86090000,56646358,1,5000000,17,165009
10025,2010-03-06,09,11,13,14,25,01,07,,,,,,,,82820000,63920913,4,5000000,30,104563
10024,2010-03-03,03,14,19,24,25,04,11,,,,,,,,89650000,58426025,4,5667366,32,49990
10023,2010-03-01,11,13,29,32,33,02,08,,,,,,,,105640000,56897252,3,5952584,43,39363
10022,2010-02-27,02,11,13,14,25,02,05,,,,,,,,116360000,65023742,0,0,16,200680
10021,2010-02-24,11,20,23,24,25,07,09,,,,,,,,101610000,59435470,7,5422655,29,74150
10020,2010-02-22,08,18,26,32,33,01,06,,,,,,,,145273416,55310141,0,0,22,107558
10019,2010-02-20,03,11,19,26,27,02,09,,,,,,,,135673799,59288005,1,8031409,26,107069
10018,2010-02-10,03,10,26,32,33,04,12,,,,,,,,136398418,60178507,0,0,20,145072
10017,2010-02-08,13,21,23,27,34,09,12,,,,,,,,123885908,58963701,1,9381541,24,99354
10016,2010-02-06,10,12,20,23,32,04,10,,,,,,,,122313595,66467786,1,10000000,17,197242
10015,2010-02-03,03,10,14,18,28,08,10,,,,,,,,118407987,60286444,1,9000457,22,109302
10014,2010-02-01,18,19,30,33,35,02,04,,,,,,,,117407301,59887023,0,0,9,341428
10013,2010-01-30,18,21,22,26,34,09,12,,,,,,,,105110000,65363883,0,0,21,137538
10012,2010-01-27,20,24,30,31,33,05,12,,,,,,,,92730000,59423790,2,5000000,30,75900
10011,2010-01-25,02,03,11,27,32,08,11,,,,,,,,93686243,58954872,0,0,31,86801
10010,2010-01-23,15,22,24,32,35,02,09,,,,,,,,80080000,64021576,3,5000000,23,98422
10009,2010-01-20,02,05,13,27,32,03,11,,,,,,,,84590000,59047555,1,5000000,18,167305
10008,2010-01-18,11,23,25,31,32,05,11,,,,,,,,76420000,59727873,1,5000000,21,117901
10007,2010-01-16,07,23,26,29,32,08,11,,,,,,,,71607483,66968023,4,5000000,45,45047
10006,2010-01-13,03,13,19,30,34,02,05,,,,,,,,89090000,60820884,1,5000000,13,259934
10005,2010-01-11,04,17,19,22,30,02,03,,,,,,,,79660000,60174031,1,5000000,21,146636
10004,2010-01-09,03,06,21,24,34,04,06,,,,,,,,71460000,67089619,1,5000000,45,55470
10003,2010-01-06,05,14,23,27,30,02,08,,,,,,,,65610000,59587916,1,5000000,21,164367
10002,2010-01-04,04,23,25,26,30,07,10,,,,,,,,59188235,59063615,0,0,8,372352
10001,2010-01-02,02,06,07,12,27,02,08,,,,,,,,45500000,65988959,2,5000000,33,72700
09153,2009-12-30,21,22,30,32,34,03,07,,,,,,,,45680000,61921485,0,0,18,186275
09152,2009-12-28,01,23,29,30,32,07,12,,,,,,,,32690000,59093356,0,0,9,352694
09151,2009-12-26,03,08,14,30,31,04,09,,,,,,,,2710000,68568519,11,5000000,102,12000
09150,2009-12-23,04,11,18,25,34,05,07,,,,,,,,65000000,62649989,0,0,32,82821
09149,2009-12-21,01,03,10,12,20,02,07,,,,,,,,52820000,60846169,2,5000000,14,142617
09148,2009-12-19,02,04,13,14,33,01,09,,,,,,,,54690000,67488906,1,5000000,28,85699
09147,2009-12-16,06,12,18,22,29,05,08,,,,,,,,48190000,60438195,2,5000000,39,32480
09146,2009-12-14,11,17,23,24,25,03,06,,,,,,,,52710000,61477563,1,5000000,15,209498
09145,2009-12-12,05,11,14,22,35,03,10,,,,,,,,43090000,68557416,1,5000000,28,97270
09144,2009-12-09,18,26,32,33,34,04,06,,,,,,,,36570000,61978220,3,5000000,64,12222
09143,2009-12-07,01,09,10,11,22,01,12,,,,,,,,48440000,62884100,1,5000000,17,176427
09142,2009-12-05,05,06,13,24,31,03,11,,,,,,,,44000000,70853469,9,5162521,72,15911
09141,2009-12-02,13,14,21,30,33,02,08,,,,,,,,103930000,62128703,1,5000000,49,47859
09140,2009-11-30,07,08,19,26,30,01,12,,,,,,,,98660000,62128703,1,5000000,49,47859
09139,2009-11-28,14,16,20,22,32,05,09,,,,,,,,92503373,69724233,1,5000000,18,223248
09138,2009-11-25,03,04,14,28,32,09,10,,,,,,,,80920000,66057007,3,5000000,28,95998
09137,2009-11-23,12,28,29,30,34,01,09,,,,,,,,90760000,64726488,2,5552878,38,23720
09136,2009-11-21,07,13,23,24,29,06,10,,,,,,,,101610000,70354666,2,6239117,57,26476
09135,2009-11-18,06,08,15,20,32,05,06,,,,,,,,107890000,63316973,1,8682236,35,57355
09134,2009-11-16,02,16,19,28,33,07,11,,,,,,,,107370000,60197804,2,7012027,23,103180
09133,2009-11-14,01,08,24,27,34,10,11,,,,,,,,111334356,69788002,1,14000000,20,158361
09132,2009-11-11,02,10,12,15,28,04,07,,,,,,,,106960000,62748807,1,5000000,7,530001
09131,2009-11-09,02,03,08,33,34,03,11,,,,,,,,98050000,62393936,0,0,28,74232
09130,2009-11-07,09,14,25,32,34,02,08,,,,,,,,88910000,72087396,1,5000000,10,424283
09129,2009-11-04,02,10,18,32,33,03,08,,,,,,,,77050000,67149959,5,5000000,46,43828
09128,2009-11-02,06,21,28,32,34,04,07,,,,,,,,97630000,62083219,0,0,10,250198
09127,2009-10-31,05,09,27,32,34,05,08,,,,,,,,87120000,77984435,4,6132379,24,125819
09126,2009-10-28,14,23,27,28,33,08,12,,,,,,,,102310000,65283300,0,0,17,165026
09125,2009-10-26,08,20,23,29,31,02,11,,,,,,,,90670000,63479997,0,0,10,337839
09124,2009-10-24,01,03,14,32,35,07,11,,,,,,,,76480000,69674019,0,0,17,177812
09123,2009-10-21,10,21,28,29,32,06,10,,,,,,,,63950000,62130621,0,0,41,41195
09122,2009-10-19,01,02,11,31,33,05,06,,,,,,,,59870000,60514755,2,6500000,12,258290
09121,2009-10-17,04,05,08,11,22,02,10,,,,,,,,107900000,60056189,0,0,19,173392
09120,2009-10-14,11,23,27,28,32,02,05,,,,,,,,107900000,60056189,0,0,19,173392
09119,2009-10-12,03,12,22,23,28,04,12,,,,,,,,98090000,56316371,1,5000000,9,324806
09118,2009-10-10,10,17,18,21,34,05,11,,,,,,,,92730000,62050346,0,0,14,239502
09117,2009-10-07,07,21,29,31,33,09,10,,,,,,,,82930000,47209745,2,5000000,33,27843
09116,2009-10-05,12,15,23,30,33,09,12,,,,,,,,93310000,45459651,2,5000000,29,84622
09115,2009-10-03,01,02,06,08,26,05,12,,,,,,,,63820000,50517460,0,0,4,1013097
09114,2009-09-30,02,08,25,29,33,03,07,,,,,,,,84530000,51813022,4,5487268,15,373572
09113,2009-09-28,03,04,10,18,27,06,08,,,,,,,,107530000,51363174,0,0,38,85492
09112,2009-09-26,02,08,12,34,35,04,05,,,,,,,,106310000,57394342,0,0,20,536090
09111,2009-09-23,04,11,13,19,35,10,12,,,,,,,,102140000,52850837,1,8774361,13,812939
09110,2009-09-21,22,28,30,31,34,07,09,,,,,,,,107140000,51636412,0,0,20,284138
09109,2009-09-19,02,11,13,26,35,06,10,,,,,,,,104930000,57166799,1,9046646,17,643784
09108,2009-09-16,01,09,14,29,30,07,10,,,,,,,,109930000,51337395,0,0,37,172777
09107,2009-09-14,11,12,33,34,35,01,10,,,,,,,,49360000,50513087,1,7344588,38,147193
09106,2009-09-12,11,21,22,25,34,06,09,,,,,,,,112310000,55692618,0,0,12,812805
09105,2009-09-09,01,25,26,34,35,06,11,,,,,,,,108300000,50958315,0,0,26,262127
09104,2009-09-07,15,25,29,32,33,10,11,,,,,,,,105870000,49507325,0,0,36,136035
09103,2009-09-05,16,20,28,32,33,01,02,,,,,,,,103770000,54467017,0,0,21,450423
09102,2009-09-02,11,13,29,32,35,10,12,,,,,,,,100390000,48859582,0,0,34,37067
09101,2009-08-31,02,10,14,22,26,04,09,,,,,,,,96550000,47809382,1,6986209,19,252790
09100,2009-08-29,16,20,25,29,33,01,08,,,,,,,,101550000,52247864,0,0,15,224135
09099,2009-08-26,03,09,21,23,33,06,10,,,,,,,,92140000,48169676,0,0,11,274102
09098,2009-08-24,11,17,19,25,26,02,10,,,,,,,,82780000,48520631,4,5353595,23,185192
09097,2009-08-22,06,13,14,22,25,01,04,,,,,,,,108780000,53124002,0,0,19,470531
09096,2009-08-19,07,12,28,32,33,01,03,,,,,,,,104980000,48423174,0,0,16,152532
09095,2009-08-17,08,18,24,30,33,01,06,,,,,,,,96860000,48364617,2,6022716,29,197490
09094,2009-08-15,01,05,21,23,29,05,12,,,,,,,,106860000,52581788,0,0,11,277852
09093,2009-08-12,07,09,22,30,33,09,11,,,,,,,,97840000,47767244,1,5641679,44,35091
09092,2009-08-10,10,21,22,27,29,08,12,,,,,,,,102840000,45632991,0,0,19,115829
09091,2009-08-08,01,05,17,32,34,03,07,,,,,,,,95700000,51108194,1,5000000,11,287238
09090,2009-08-05,18,25,30,33,34,04,10,,,,,,,,91370000,46981058,2,5000000,11,171998
09089,2009-08-03,03,06,11,19,27,02,07,,,,,,,,95500000,46949691,1,5000000,18,126376
09088,2009-08-01,13,16,27,32,34,03,09,,,,,,,,93700000,53086069,2,6429562,18,404320
09087,2009-07-29,10,24,28,30,33,01,10,,,,,,,,103700000,47801827,0,0,13,202183
09086,2009-07-27,01,02,07,26,29,10,12,,,,,,,,96350000,48530520,1,8369481,12,683662
09085,2009-07-25,06,13,27,33,34,09,12,,,,,,,,101350000,52654405,1,6281762,32,106181
09084,2009-07-22,05,09,19,26,35,02,10,,,,,,,,106350000,46704486,0,0,10,317589
09083,2009-07-20,02,05,28,34,35,01,07,,,,,,,,96920000,46714940,0,0,13,240991
09082,2009-07-18,05,11,26,29,32,08,11,,,,,,,,88150000,53062976,3,5594117,95,48546
09081,2009-07-15,02,15,20,25,33,03,06,,,,,,,,103150000,48912917,1,7373857,26,234042
09080,2009-07-13,07,16,19,29,35,02,11,,,,,,,,108150000,47474266,0,0,10,575753
09079,2009-07-11,01,02,07,13,34,04,10,,,,,,,,10560000,51652499,0,0,3,1077741
09078,2009-07-08,11,23,26,31,34,05,11,,,,,,,,94730000,47027388,2,5000000,4,836630
09077,2009-07-06,07,20,28,32,34,06,08,,,,,,,,95360000,46747748,2,5000000,26,77965
09076,2009-07-04,03,09,11,18,24,04,05,,,,,,,,99690000,52275871,1,5000000,21,113659
09075,2009-07-01,01,07,11,32,33,09,11,,,,,,,,96860000,45529833,0,0,12,224909
09074,2009-06-29,15,17,19,23,32,01,11,,,,,,,,88920000,45913477,0,0,4,959223
09073,2009-06-27,01,10,19,21,30,01,04,,,,,,,,78180000,50495747,2,5000000,38,70530
09072,2009-06-24,23,26,29,32,33,05,10,,,,,,,,79140000,45922820,1,5000000,40,8775
09071,2009-06-22,04,20,29,30,33,02,11,,,,,,,,83090000,45019753,0,0,27,85911
09070,2009-06-20,10,21,24,30,31,03,10,,,,,,,,76600000,49441977,1,5000000,18,92128
09069,2009-06-17,14,16,27,30,33,08,12,,,,,,,,76340000,46288776,1,5000000,30,85823
09068,2009-06-15,02,12,15,20,28,01,12,,,,,,,,73980000,45860799,0,0,7,517024
09067,2009-06-13,03,06,25,28,32,02,05,,,,,,,,62980000,50223305,0,0,9,272097
09066,2009-06-10,01,08,19,24,31,06,12,,,,,,,,53380000,45835410,1,5000000,15,174611
09065,2009-06-08,01,12,24,27,32,02,11,,,,,,,,50170000,45248670,0,0,20,102983
09064,2009-06-06,06,10,11,17,34,11,12,,,,,,,,43360000,50207791,0,0,7,566068
09063,2009-06-03,05,06,18,21,22,01,07,,,,,,,,32270000,45959640,0,0,31,92917
09062,2009-06-01,04,22,23,29,31,05,11,,,,,,,,23110000,45578124,0,0,29,58422
09061,2009-05-30,02,10,21,26,34,02,10,,,,,,,,18270000,49154757,1,5000000,12,235409
09060,2009-05-27,18,28,29,30,31,04,08,,,,,,,,13780000,46270476,2,5000000,21,53998
09059,2009-05-25,02,13,14,29,33,04,11,,,,,,,,20330000,46071746,4,5000000,14,109201
09058,2009-05-23,08,10,14,27,32,02,07,,,,,,,,35310000,51003335,0,0,8,414063
09057,2009-05-20,06,15,22,27,30,02,09,,,,,,,,25340000,48851346,14,5000000,91,17313
09056,2009-05-18,04,13,17,32,35,03,06,,,,,,,,99670000,47573881,0,0,40,44614
09055,2009-05-16,05,08,14,23,24,05,06,,,,,,,,94520000,52677379,0,0,15,235353
09054,2009-05-13,02,12,19,29,30,07,12,,,,,,,,45390000,50568158,3,5696396,48,129993
09053,2009-05-11,05,09,24,31,33,05,06,,,,,,,,101450000,46770636,0,0,48,35679
09052,2009-05-09,23,24,30,34,35,01,03,,,,,,,,96062600,52182712,1,5000000,28,88871
09051,2009-05-06,03,11,22,26,29,05,12,,,,,,,,93340000,48242380,0,0,14,215774
09050,2009-05-04,05,15,28,32,33,08,09,,,,,,,,84520000,46736299,1,5000000,28,69076
09049,2009-05-02,05,16,28,29,34,11,12,,,,,,,,86870000,50231963,1,5000000,9,389542
09048,2009-04-29,05,06,22,25,27,11,12,,,,,,,,80750000,47916383,0,0,10,276036
09047,2009-04-27,13,18,21,24,29,03,06,,,,,,,,72560000,48883059,0,0,8,451368
09046,2009-04-25,01,09,24,34,35,04,09,,,,,,,,61692863,54210221,2,5000000,33,84525
09045,2009-04-22,01,09,14,24,35,06,09,,,,,,,,61180000,50114289,0,0,7,441668
09044,2009-04-20,01,07,18,29,34,03,09,,,,,,,,51785973,48504299,1,5000000,35,18710
09043,2009-04-18,05,21,22,32,35,02,05,,,,,,,,54660000,54703400,1,5000000,43,60136
09042,2009-04-15,11,24,25,26,31,02,07,,,,,,,,55020000,50135357,2,5000000,32,34388
09041,2009-04-13,05,09,20,23,29,04,10,,,,,,,,64480000,49858255,0,0,16,163126
09040,2009-04-11,03,16,30,32,33,01,10,,,,,,,,55529044,55451075,0,0,11,315517
09039,2009-04-08,01,03,07,10,33,03,04,,,,,,,,45280000,49756688,1,5000000,10,265033
09038,2009-04-06,06,17,20,29,32,04,05,,,,,,,,45410000,46810312,1,5000000,69,9467
09037,2009-04-04,17,18,19,25,31,01,11,,,,,,,,48490000,53181208,0,0,15,208584
09036,2009-04-01,02,12,26,31,33,09,10,,,,,,,,37276722,48851036,0,0,13,214663
09035,2009-03-30,03,07,09,28,33,03,08,,,,,,,,28380000,47372251,1,5000000,29,37040
09034,2009-03-28,05,19,31,32,35,04,09,,,,,,,,0,53016496,14,4483258,130,3000
09033,2009-03-25,02,08,18,21,32,08,11,,,,,,,,69940000,48984920,0,0,19,152143
09032,2009-03-23,04,12,20,26,29,06,10,,,,,,,,56850000,46963564,1,5000000,26,77486
09031,2009-03-21,07,11,19,21,22,01,11,,,,,,,,55688643,53083824,0,0,14,270076
09030,2009-03-18,01,07,27,30,32,01,04,,,,,,,,44640000,48076848,0,0,9,353834
09029,2009-03-16,03,04,13,17,24,04,11,,,,,,,,35130000,46951848,1,5000000,8,452537
09028,2009-03-14,06,20,30,32,35,09,11,,,,,,,,0,54417733,11,1881523,32,22180
09027,2009-03-11,03,22,26,33,34,09,10,,,,,,,,19650000,48116008,0,0,7,487991
09026,2009-03-09,24,30,31,32,34,10,12,,,,,,,,10080000,47275096,4,5000000,28,75673
09025,2009-03-07,03,17,22,23,33,04,10,,,,,,,,26770000,51222852,3,5000000,9,335347
09024,2009-03-04,29,31,32,33,35,10,11,,,,,,,,32195688,49544899,12,5000000,674,3000
09023,2009-03-02,15,17,21,27,33,07,11,,,,,,,,97585347,48760441,0,0,9,410040
09022,2009-02-28,12,14,17,34,35,04,11,,,,,,,,87252331,55310640,0,0,14,207950
09021,2009-02-25,01,15,31,32,34,03,08,,,,,,,,78400000,49445917,3,5000000,26,39000
09020,2009-02-23,05,16,18,32,35,02,11,,,,,,,,90300000,48090233,0,0,27,97186
09019,2009-02-21,04,29,31,32,35,04,10,,,,,,,,81640000,53504263,2,5000000,71,20189
09018,2009-02-18,01,06,13,28,29,03,09,,,,,,,,90497720,47980946,2,6283265,31,211361
09017,2009-02-16,05,11,23,26,33,04,12,,,,,,,,100497720,47076272,1,5000000,8,404617
09016,2009-02-14,10,11,20,26,27,09,11,,,,,,,,95754526,53924327,1,9175345,26,379576
09015,2009-02-11,01,05,10,16,27,03,04,,,,,,,,100754526,49522537,2,6425136,22,297789
09014,2009-02-09,08,14,15,25,26,07,09,,,,,,,,110754526,47780433,0,0,21,331862
09013,2009-02-07,05,24,26,30,35,05,12,,,,,,,,108052216,51994916,0,0,11,321586
09012,2009-02-04,02,05,20,25,31,10,12,,,,,,,,97066823,46529600,1,8561547,6,1510959
09011,2009-02-02,02,11,13,14,21,02,04,,,,,,,,102060000,44940347,0,0,9,386940
09010,2009-01-24,02,09,12,21,29,07,11,,,,,,,,91660000,59500348,0,0,25,144293
09009,2009-01-21,12,18,23,26,32,06,09,,,,,,,,80590000,50940517,4,5630474,25,290018
09008,2009-01-19,04,17,21,29,31,02,12,,,,,,,,103590000,52448051,1,9221381,19,552330
09007,2009-01-17,06,14,15,29,35,06,11,,,,,,,,108590000,58730615,1,8227344,35,199923
09006,2009-01-14,02,04,22,31,35,09,12,,,,,,,,113590000,51414782,0,0,27,301435
09005,2009-01-12,10,11,15,31,32,05,08,,,,,,,,110430000,50937415,0,0,8,868620
09004,2009-01-10,01,03,22,32,35,06,10,,,,,,,,107760000,55138389,0,0,10,375553
09003,2009-01-07,16,18,23,30,32,02,11,,,,,,,,97247171,50535881,0,0,7,501146
09002,2009-01-05,01,04,07,12,30,05,10,,,,,,,,85740000,52000661,0,0,4,882242
09001,2009-01-03,01,15,23,27,30,04,10,,,,,,,,74370000,57073015,2,5000000,24,132349
08154,2008-12-31,05,07,10,29,32,04,06,,,,,,,,80810000,54753073,4,5223929,52,42798
08153,2008-12-29,02,04,06,25,26,02,05,,,,,,,,100810000,52918807,1,5000000,19,146678
08152,2008-12-27,03,05,14,20,33,07,11,,,,,,,,975200000,61367170,2,7044546,15,763297
08151,2008-12-24,07,10,27,31,34,08,09,,,,,,,,107520000,53683392,0,0,19,337600
08150,2008-12-22,01,09,10,15,25,03,08,,,,,,,,104570000,48042807,0,0,32,53471
08149,2008-12-20,02,05,06,27,29,03,04,,,,,,,,98880000,55352420,0,0,12,294221
08148,2008-12-17,03,07,20,33,35,04,07,,,,,,,,88010000,50309105,0,0,6,494106
08147,2008-12-15,16,18,19,24,35,11,12,,,,,,,,78880000,50547246,2,5000000,4,1099239
08146,2008-12-13,09,23,24,26,33,07,12,,,,,,,,82570000,57492342,3,5000000,16,212607
08145,2008-12-10,05,16,27,29,30,05,11,,,,,,,,86970000,51322996,1,5000000,25,107849
08144,2008-12-08,10,19,27,28,33,05,12,,,,,,,,83880000,49575223,1,5000000,68,9283
08143,2008-12-06,01,02,22,29,32,01,04,,,,,,,,86940000,54106721,0,0,37,82780
08142,2008-12-03,06,18,21,30,35,08,09,,,,,,,,77110000,50934846,1,5000000,13,274202
08141,2008-12-01,09,15,18,30,34,04,05,,,,,,,,70290000,50546850,1,5000000,9,371457
08140,2008-11-29,02,09,11,29,32,08,09,,,,,,,,65307524,55500534,2,5000000,54,42974
08139,2008-11-26,01,06,10,14,22,06,08,,,,,,,,67790000,51296604,0,0,14,278598
08138,2008-11-24,04,05,18,22,35,07,08,,,,,,,,56400000,51656800,1,5000000,12,195360
08137,2008-11-22,01,10,25,32,35,05,09,,,,,,,,52870000,56767696,1,5000000,27,97713
08136,2008-11-19,03,28,29,32,34,01,06,,,,,,,,49500000,50998989,0,0,11,312214
08135,2008-11-17,07,22,25,29,33,01,12,,,,,,,,39360000,52220703,4,5000000,31,80364
08134,2008-11-15,11,13,15,28,35,08,10,,,,,,,,51980000,58653172,1,5000000,16,168403
08133,2008-11-12,10,12,15,33,35,03,09,,,,,,,,51300000,53113538,0,0,13,226773
08132,2008-11-10,06,14,24,27,29,05,09,,,,,,,,42670000,50200160,3,5000000,15,157821
08131,2008-11-08,08,09,12,21,32,07,11,,,,,,,,56510000,57720986,1,5000000,13,278795
08130,2008-11-05,03,05,22,29,34,07,12,,,,,,,,50420000,54962085,2,6153846,28,86650
08129,2008-11-03,13,16,20,25,27,04,05,,,,,,,,54300000,52855672,0,0,40,49409
08128,2008-11-01,12,15,23,24,25,10,11,,,,,,,,48520000,58998573,0,0,17,224815
08127,2008-10-29,08,21,22,31,33,01,07,,,,,,,,37060000,55689286,2,8461538,83,22180
08126,2008-10-27,09,29,32,34,35,01,08,,,,,,,,44463793,52493901,0,0,24,115103
08125,2008-10-25,01,04,28,33,34,06,11,,,,,,,,35760000,58300053,0,0,10,384330
08124,2008-10-22,02,10,13,29,33,06,10,,,,,,,,23700000,52114543,3,5833333,56,10772
08123,2008-10-20,01,06,12,28,31,08,09,,,,,,,,39760000,52188936,1,11000000,19,172185
08122,2008-10-18,03,06,12,20,29,09,12,,,,,,,,34730000,56605878,0,0,75,14776
08121,2008-10-15,11,23,24,32,35,04,10,,,,,,,,31130000,50102126,1,8000000,13,191587
08120,2008-10-13,21,23,24,25,32,03,04,,,,,,,,27550000,50941532,2,8000000,9,385140
08119,2008-10-11,01,02,10,19,27,01,11,,,,,,,,33850000,56241876,0,0,18,208703
08118,2008-10-08,06,09,19,25,30,06,12,,,,,,,,16270000,51733525,3,5714285,19,187684
08117,2008-10-06,13,23,24,25,30,02,08,,,,,,,,26970000,49147100,1,8000000,25,61080
08116,2008-10-04,06,08,15,24,31,01,03,,,,,,,,27390000,53664504,1,8000000,42,62310
08115,2008-10-01,07,09,19,21,33,07,10,,,,,,,,24120000,46931777,4,5750000,21,86488
08114,2008-09-29,02,03,22,27,31,06,07,,,,,,,,41310000,55470213,3,8333333,23,22586
08113,2008-09-27,11,14,17,19,22,01,08,,,,,,,,54670000,61348255,0,0,6,772402
08112,2008-09-24,04,18,26,32,33,05,08,,,,,,,,40390000,50352321,0,0,17,169800
08111,2008-09-22,02,11,12,14,19,05,09,,,,,,,,30600000,49939290,0,0,13,241071
08110,2008-09-20,05,16,25,27,33,04,09,,,,,,,,20200000,56718694,2,6500000,22,135302
08109,2008-09-17,01,10,18,28,34,05,08,,,,,,,,21410000,50756930,1,6875000,13,184402
08108,2008-09-15,11,16,24,29,32,09,11,,,,,,,,22080000,52169608,2,11000000,16,216138
08107,2008-09-13,01,02,13,15,16,04,09,,,,,,,,21670000,57802825,0,0,19,172182
08106,2008-09-10,03,05,21,28,33,02,06,,,,,,,,11350000,47541191,0,0,20,85173
08105,2008-09-08,12,21,22,26,35,04,05,,,,,,,,12440000,45562019,0,0,17,122470
08104,2008-09-06,07,08,10,24,34,08,11,,,,,,,,3000000,51349639,2,4749240,8,388207
08103,2008-09-03,02,11,22,30,34,04,09,,,,,,,,3000000,44650816,1,7957833,24,68630
08102,2008-09-01,05,25,26,29,35,03,10,,,,,,,,3000000,45289971,3,3376580,21,119004
08101,2008-08-30,10,13,23,31,33,04,11,,,,,,,,4550000,50054696,1,8000000,27,78076
08100,2008-08-27,12,20,26,29,30,02,06,,,,,,,,3000000,47711626,2,6773637,9,291959
08099,2008-08-25,03,18,23,25,30,06,10,,,,,,,,5860000,43869995,0,0,15,134290
08098,2008-08-23,07,10,22,27,33,04,08,,,,,,,,3000000,49974858,2,4562339,35,54143
08097,2008-08-20,01,10,31,33,35,03,10,,,,,,,,3000000,52553996,19,3065486,122,3000
08096,2008-08-18,06,07,12,25,28,02,12,,,,,,,,51080000,50054794,0,0,19,156532
08095,2008-08-16,03,04,11,21,25,01,07,,,,,,,,40650000,55628578,0,0,19,145704
08094,2008-08-13,07,12,19,27,34,11,12,,,,,,,,32160000,49427530,1,8000000,25,97281
08093,2008-08-11,06,07,10,24,30,05,08,,,,,,,,29040000,50479495,8,5272727,37,3000
08092,2008-08-09,03,23,26,32,34,04,09,,,,,,,,84040000,60998837,2,8461538,20,204524
08091,2008-08-06,09,13,19,22,25,04,10,,,,,,,,83870000,53330741,0,0,35,53609
08090,2008-08-04,04,11,18,33,34,02,06,,,,,,,,78170000,52730184,0,0,18,158124
08089,2008-08-02,08,13,24,32,33,03,09,,,,,,,,69400000,59467723,2,6500000,29,70023
08088,2008-07-30,07,11,19,27,31,02,03,,,,,,,,73130000,54514985,6,5909090,284,3000
08087,2008-07-28,14,22,32,33,35,01,05,,,,,,,,106130000,51247817,0,0,21,139573
08086,2008-07-26,01,06,10,22,35,03,07,,,,,,,,97220000,58919410,1,11341092,20,386572
08085,2008-07-23,03,07,13,15,19,02,10,,,,,,,,102220000,53391228,1,20561196,11,779011
08084,2008-07-21,02,17,20,22,25,05,11,,,,,,,,107220000,49313526,0,0,9,820484
08083,2008-07-19,06,14,15,30,31,03,10,,,,,,,,103350000,49954076,0,0,26,72749
08082,2008-07-16,15,19,29,33,35,01,02,,,,,,,,97440000,44234753,0,0,6,478399
08081,2008-07-14,07,08,20,22,29,04,07,,,,,,,,87800000,44696695,2,6500000,13,202466
08080,2008-07-12,06,09,29,31,33,05,11,,,,,,,,89750000,53506763,3,6971650,14,692784
08079,2008-07-09,20,23,26,32,33,05,12,,,,,,,,113750000,44591474,0,0,9,856193
08078,2008-07-07,08,17,20,28,31,07,11,,,,,,,,110260000,39684782,0,0,9,672125
08077,2008-07-05,01,08,21,33,34,05,07,,,,,,,,107670000,43244940,0,0,12,693790
08076,2008-07-02,03,05,10,27,34,01,12,,,,,,,,104250000,39587591,1,8413842,5,1706921
08075,2008-06-30,01,10,13,30,33,06,07,,,,,,,,109250000,38824479,0,0,7,991344
08074,2008-06-28,10,13,22,31,35,04,12,,,,,,,,106770000,44030350,1,8183874,14,459528
08073,2008-06-25,02,05,06,07,31,08,10,,,,,,,,111770000,39140810,0,0,4,1670649
08072,2008-06-23,10,25,32,33,34,03,09,,,,,,,,109030000,36970156,0,0,1,5000000
08071,2008-06-21,01,05,11,14,25,01,09,,,,,,,,103900000,40950429,0,0,11,243628
08070,2008-06-18,09,17,18,21,31,01,05,,,,,,,,95580000,36677881,1,5000000,16,127969
08069,2008-06-16,05,13,16,29,33,06,08,,,,,,,,94410000,36600634,1,5000000,16,90215
08068,2008-06-14,06,09,11,33,34,06,10,,,,,,,,97460000,42073413,2,6008013,18,254273
08067,2008-06-11,03,10,14,15,22,04,07,,,,,,,,107460000,36123416,0,0,7,387249
08066,2008-06-09,02,07,21,22,25,04,12,,,,,,,,99870000,33980514,0,0,3,940660
08065,2008-06-07,19,22,23,25,32,06,12,,,,,,,,91970000,38232402,0,0,13,175555
08064,2008-06-04,14,18,24,27,31,06,07,,,,,,,,84990000,34764938,0,0,8,225082
08063,2008-06-02,07,11,24,30,35,06,08,,,,,,,,78440000,33620255,1,5000000,11,146358
08062,2008-05-31,01,15,27,28,29,03,10,,,,,,,,77950000,38155924,1,5000000,16,139431
08061,2008-05-28,07,10,14,19,32,03,06,,,,,,,,76470000,34088627,0,0,12,150346
08060,2008-05-26,03,13,17,23,30,01,11,,,,,,,,70660000,34123914,0,0,13,156597
08059,2008-05-24,07,13,21,25,31,08,10,,,,,,,,63900000,37223008,0,0,41,26028
08058,2008-05-21,03,09,11,29,33,03,12,,,,,,,,60740000,31693634,0,0,5,489330
08057,2008-05-19,05,08,09,17,33,05,06,,,,,,,,53890000,33585570,1,5000000,12,103637
08056,2008-05-17,15,19,25,30,31,03,09,,,,,,,,54540000,38031764,0,0,6,372783
08055,2008-05-14,02,14,28,30,35,04,12,,,,,,,,47026761,34734846,0,0,16,137185
08054,2008-05-12,05,14,23,31,35,02,06,,,,,,,,39728478,35199137,1,5000000,24,78332
08053,2008-05-10,01,13,21,23,32,03,06,,,,,,,,38674943,40590404,1,5000000,16,175719
08052,2008-05-07,03,18,19,30,35,05,09,,,,,,,,38210000,36039732,2,5000000,25,35066
08051,2008-05-05,01,07,09,11,33,03,11,,,,,,,,51520000,32455286,0,0,3,641936
08050,2008-05-03,01,05,11,26,27,03,07,,,,,,,,43970000,36504694,1,5000000,20,129148
08049,2008-04-30,01,11,14,28,30,03,10,,,,,,,,43870000,34534278,0,0,9,248988
08048,2008-04-28,01,13,22,25,27,02,10,,,,,,,,37170000,35228776,0,0,5,544151
08047,2008-04-26,12,18,22,23,30,06,12,,,,,,,,29561718,39085165,1,5000000,21,59174
08046,2008-04-23,11,25,26,27,35,07,08,,,,,,,,30480000,36109020,11,5126319,9,501069
08045,2008-04-21,14,32,33,34,35,02,04,,,,,,,,115480000,37051277,0,0,14,493038
08044,2008-04-19,02,21,23,27,32,10,11,,,,,,,,112700000,40146906,0,0,2,4516480
08043,2008-04-16,05,08,10,31,33,02,04,,,,,,,,109470000,36730493,0,0,5,1449595
08042,2008-04-14,05,10,13,32,35,04,05,,,,,,,,106570000,37103662,0,0,15,405892
08041,2008-04-12,07,17,21,22,28,05,10,,,,,,,,104050000,41082219,0,0,9,619659
08040,2008-04-09,04,08,19,22,29,08,11,,,,,,,,101530000,34914609,0,0,31,34936
08039,2008-04-07,07,11,15,27,35,04,07,,,,,,,,98031078,35615468,1,5000000,4,417137
08038,2008-04-05,12,13,19,32,33,02,10,,,,,,,,96250000,38899465,1,5000000,8,348426
08037,2008-04-02,11,20,24,31,35,04,10,,,,,,,,95860000,35701978,1,5000000,17,104455
08036,2008-03-31,09,19,22,30,32,01,10,,,,,,,,98540000,35011394,0,0,4,519236
08035,2008-03-29,02,12,13,29,30,05,07,,,,,,,,90980000,40647039,3,5821630,37,162775
08034,2008-03-26,06,07,18,34,35,05,10,,,,,,,,105980000,37136042,0,0,9,634156
08033,2008-03-24,03,10,21,23,30,01,09,,,,,,,,103670000,35577965,0,0,1,2952185
08032,2008-03-22,03,09,19,27,33,09,10,,,,,,,,95400000,39050107,0,0,18,65714
08031,2008-03-19,14,20,23,27,28,02,04,,,,,,,,91540000,36371168,1,5000000,7,350472
08030,2008-03-17,03,21,23,26,35,05,08,,,,,,,,89080000,36988855,0,0,5,447175
08029,2008-03-15,06,11,18,29,30,04,11,,,,,,,,81320000,41196344,0,0,46,25470
08028,2008-03-12,03,11,17,19,26,07,12,,,,,,,,77180000,37067292,1,5000000,12,138162
08027,2008-03-10,05,17,23,31,32,04,08,,,,,,,,76380000,36275066,1,5000000,12,191369
08026,2008-03-08,01,21,22,24,25,08,10,,,,,,,,74300000,41359289,1,5000000,8,265702
08025,2008-03-05,06,10,12,15,28,04,12,,,,,,,,73670000,36543884,0,0,12,191005
08024,2008-03-03,08,12,17,20,30,01,02,,,,,,,,66940000,37092316,0,0,9,271283
08023,2008-03-01,06,26,31,32,34,07,10,,,,,,,,59190000,42696890,8,5030347,30,22144
08022,2008-02-27,09,12,13,25,31,08,10,,,,,,,,102190000,35986578,0,0,30,46426
08021,2008-02-25,05,10,13,21,24,04,09,,,,,,,,97350000,34998095,0,0,9,195511
08020,2008-02-23,04,05,15,17,33,04,08,,,,,,,,90450000,39990807,2,5000000,17,118181
08019,2008-02-20,08,24,25,29,31,04,05,,,,,,,,94430000,35381234,1,5000000,22,43493
08018,2008-02-18,03,06,07,11,30,02,03,,,,,,,,96680000,34043634,0,0,12,141304
08017,2008-02-16,02,14,25,29,32,01,06,,,,,,,,90270000,38618400,2,6125995,13,553868
08016,2008-02-13,08,10,11,17,19,06,09,,,,,,,,103270000,31817578,0,0,3,558842
08015,2008-02-04,09,18,20,27,33,06,09,,,,,,,,96700000,37624757,2,5527466,22,121057
08014,2008-02-02,04,07,10,28,34,01,06,,,,,,,,106700000,40784587,0,0,11,565603
08013,2008-01-30,01,11,19,22,35,05,09,,,,,,,,104110000,35195405,0,0,10,169227
08012,2008-01-28,02,10,29,32,35,02,03,,,,,,,,98520000,36047488,1,6685321,11,563450
08011,2008-01-26,14,20,22,24,27,07,10,,,,,,,,106520000,36828290,0,0,4,502593
08010,2008-01-23,06,23,24,27,29,06,08,,,,,,,,99200000,36828290,0,0,16,118288
08009,2008-01-21,04,08,12,24,30,05,08,,,,,,,,92120000,36163472,0,0,7,275263
08008,2008-01-19,02,06,08,17,32,08,09,,,,,,,,85330000,40965970,0,0,21,110305
08007,2008-01-16,03,04,05,12,28,03,12,,,,,,,,77740000,37938717,1,5000000,12,150110
08006,2008-01-14,10,12,26,29,34,05,07,,,,,,,,76430000,38616408,5,5362133,9,556690
08005,2008-01-12,18,25,29,31,34,09,10,,,,,,,,104430000,43740608,0,0,13,205174
08004,2008-01-09,09,22,24,31,33,08,09,,,,,,,,96270000,39786149,2,5394124,30,70740
08003,2008-01-07,01,11,13,32,35,02,07,,,,,,,,106270000,39677464,1,7475629,13,403009
08002,2008-01-05,01,12,24,31,32,10,12,,,,,,,,111270000,44465710,0,0,10,971263
08001,2008-01-02,01,02,11,34,35,03,10,,,,,,,,107600000,38404594,0,0,36,129903
07093,2007-12-31,06,08,16,25,27,08,12,,,,,,,,105760000,38317823,0,0,18,120638
07092,2007-12-29,06,19,27,28,29,06,10,,,,,,,,98060000,45711827,1,6940785,15,292161
07091,2007-12-26,07,12,26,31,32,03,08,,,,,,,,103062620,40161438,3,5236878,20,106595
07090,2007-12-24,04,20,24,31,33,09,12,,,,,,,,121060000,39253192,0,0,30,203444
07089,2007-12-22,08,13,24,30,34,01,12,,,,,,,,118400000,45773774,1,7952689,34,162746
07088,2007-12-19,17,18,21,23,33,06,10,,,,,,,,123400000,41692705,0,0,4,1870652
07087,2007-12-17,08,18,30,31,33,04,09,,,,,,,,120730951,38436958,0,0,11,516222
07086,2007-12-15,14,18,19,26,28,03,09,,,,,,,,118260460,42936245,0,0,21,287168
07085,2007-12-12,17,24,28,29,33,02,05,,,,,,,,115730000,38030537,0,0,18,318368
07084,2007-12-10,05,11,18,29,34,10,11,,,,,,,,113480000,37385115,0,0,18,353124
07083,2007-12-08,01,05,20,21,24,03,04,,,,,,,,110830000,43353713,0,0,6,1739592
07082,2007-12-05,03,05,14,33,34,07,08,,,,,,,,107110032,38456971,0,0,14,315047
07081,2007-12-03,06,18,20,22,35,04,09,,,,,,,,105330000,36977555,0,0,6,423726
07080,2007-12-01,01,15,20,25,27,05,10,,,,,,,,98213654,42311101,2,5000000,9,277692
07079,2007-11-28,06,09,25,26,31,02,08,,,,,,,,99810000,38742232,3,5742238,20,301684
07078,2007-11-26,09,12,14,22,23,01,02,,,,,,,,117816226,36608460,0,0,6,1264680
07077,2007-11-24,04,06,12,13,24,01,04,,,,,,,,114830000,42293385,1,8009863,10,714204
07076,2007-11-21,02,09,12,15,31,09,10,,,,,,,,119830000,37049025,0,0,8,759246
07075,2007-11-19,05,11,20,30,32,07,11,,,,,,,,117340000,36219919,0,0,9,699275
07074,2007-11-17,16,17,23,24,31,05,10,,,,,,,,114793167,41421431,0,0,11,568656
07073,2007-11-14,04,05,09,12,23,02,11,,,,,,,,112071738,36434943,0,0,27,97253
07072,2007-11-12,21,24,26,27,33,01,05,,,,,,,,110988051,35700819,0,0,5,1731966
07071,2007-11-10,10,22,32,33,35,01,07,,,,,,,,107890000,39637374,0,0,27,194834
07070,2007-11-07,07,26,29,30,35,03,04,,,,,,,,105682493,35334306,0,0,10,560240
07069,2007-11-05,02,13,16,21,35,01,05,,,,,,,,103561582,35595839,0,0,8,684774
07068,2007-11-03,04,09,13,14,33,06,10,,,,,,,,101164872,37948445,0,0,10,212979
07067,2007-10-31,11,18,25,30,31,04,09,,,,,,,,94843650,34680253,2,5839060,12,313249
07066,2007-10-29,04,07,08,19,24,07,12,,,,,,,,104843650,34190203,0,0,11,509328
07065,2007-10-27,19,20,24,29,31,09,10,,,,,,,,102515288,37756172,0,0,5,502257
07064,2007-10-24,02,16,32,33,35,05,10,,,,,,,,94639890,34813657,2,5823811,17,262121
07063,2007-10-22,10,31,33,34,35,07,12,,,,,,,,104639890,34984345,0,0,9,735424
07062,2007-10-20,01,04,10,14,29,11,12,,,,,,,,101960843,38608449,0,0,10,212088
07061,2007-10-17,02,10,19,28,29,02,09,,,,,,,,95309737,33874726,0,0,9,200342
07060,2007-10-15,12,13,29,30,31,04,07,,,,,,,,89251394,34256481,3,5446152,20,172969
07059,2007-10-13,04,15,23,31,33,03,09,,,,,,,,107251394,39037604,0,0,10,606432
07058,2007-10-10,08,21,25,28,33,02,06,,,,,,,,104565766,31181480,0,0,10,183072
07057,2007-10-08,14,16,30,32,35,06,07,,,,,,,,98824607,29477379,0,0,9,196652
07056,2007-10-06,04,11,17,20,21,05,09,,,,,,,,92547455,33285061,1,6243174,4,1392355
07055,2007-10-03,10,16,24,31,33,07,10,,,,,,,,100547455,27120226,0,0,7,265478
07054,2007-10-01,04,10,19,29,34,03,06,,,,,,,,94452068,28349315,1,5000000,15,105035
07053,2007-09-29,11,16,19,21,25,01,10,,,,,,,,97511192,36035758,0,0,14,138299
07052,2007-09-26,01,14,29,32,33,05,10,,,,,,,,89534085,31152461,0,0,12,121612
07051,2007-09-24,03,07,24,28,35,08,11,,,,,,,,84426353,30808879,0,0,13,111302
07050,2007-09-22,13,21,22,30,35,01,11,,,,,,,,79440004,35620417,0,0,6,345663
07049,2007-09-19,09,10,15,17,32,04,06,,,,,,,,72471427,31269987,0,0,9,195186
07048,2007-09-17,08,25,26,29,35,06,08,,,,,,,,66569000,31603672,0,0,10,145705
07047,2007-09-15,01,06,15,19,35,02,09,,,,,,,,61754883,35356622,0,0,7,201712
07046,2007-09-12,04,16,18,23,30,01,10,,,,,,,,56784691,31184324,0,0,7,285671
07045,2007-09-10,09,16,20,26,35,11,12,,,,,,,,49745733,31167326,0,0,9,259396
07044,2007-09-08,04,05,07,12,26,01,10,,,,,,,,42773163,35873627,1,5000000,8,209895
07043,2007-09-05,04,09,22,24,31,02,06,,,,,,,,43955760,31248714,2,5000000,27,56327
07042,2007-09-03,07,10,22,31,35,05,06,,,,,,,,45804596,34045332,4,5000000,8,296541
07041,2007-09-01,03,16,17,22,35,01,08,,,,,,,,45804596,34045332,4,5000000,8,296541
07040,2007-08-29,05,21,25,28,35,01,04,,,,,,,,61663883,28464999,1,5000000,5,410121
07039,2007-08-27,10,11,20,21,35,07,11,,,,,,,,63233173,27648363,6,5212668,6,793961
07038,2007-08-25,06,21,25,27,32,08,09,,,,,,,,111233173,30668940,0,0,4,1355883
07037,2007-08-22,01,06,07,17,31,11,12,,,,,,,,109005650,28032472,0,0,6,777835
07036,2007-08-20,15,18,21,27,34,01,02,,,,,,,,106672144,27583299,0,0,3,1782650
07035,2007-08-18,07,11,16,31,32,01,12,,,,,,,,104380164,31899546,0,0,9,665119
07034,2007-08-15,06,08,11,13,22,02,11,,,,,,,,102099756,27710963,0,0,4,1101499
07033,2007-08-13,01,05,08,14,22,03,12,,,,,,,,100290150,27481967,1,6465548,15,227974
07032,2007-08-11,01,13,21,23,32,04,11,,,,,,,,105290150,30475342,1,6207337,2,2704435
07031,2007-08-08,03,21,27,31,32,06,08,,,,,,,,113290150,27411586,0,0,9,529188
07030,2007-08-06,11,14,27,33,35,02,07,,,,,,,,111475790,26391058,0,0,4,1071320
07029,2007-08-04,15,22,25,29,35,09,11,,,,,,,,109715764,29553865,0,0,5,729169
07028,2007-08-01,20,26,30,34,35,03,10,,,,,,,,107944923,25755284,0,0,8,622689
07027,2007-07-30,02,03,10,19,27,06,10,,,,,,,,105765511,25279174,0,0,10,381819
07026,2007-07-28,05,09,13,33,35,01,08,,,,,,,,103992777,28961885,0,0,6,640854
07025,2007-07-25,22,24,26,27,34,02,10,,,,,,,,102482191,25639317,0,0,2,2970252
07024,2007-07-23,06,16,20,25,31,04,09,,,,,,,,100360583,23771974,0,0,11,89160
07023,2007-07-21,08,10,23,32,34,08,10,,,,,,,,97314853,27246875,1,6276376,3,1588379
07022,2007-07-18,08,10,12,23,25,03,10,,,,,,,,105314853,23189618,0,0,5,609046
07021,2007-07-16,02,04,24,29,33,01,02,,,,,,,,103966251,22696842,0,0,3,427795
07020,2007-07-14,02,06,11,12,18,05,12,,,,,,,,98935374,27639555,1,6697736,7,540188
07019,2007-07-11,03,06,17,22,23,04,06,,,,,,,,103935374,22362521,0,0,10,131383
07018,2007-07-09,03,04,16,23,28,06,09,,,,,,,,99815184,21806412,0,0,13,66104
07017,2007-07-07,13,14,29,32,34,03,12,,,,,,,,96964762,25998850,1,7167809,4,1319535
07016,2007-07-04,01,14,19,24,31,03,12,,,,,,,,101964762,23123073,0,0,6,672187
07015,2007-07-02,02,08,12,13,17,11,12,,,,,,,,100236279,22817212,1,6713983,8,521647
07014,2007-06-30,01,02,07,29,32,06,07,,,,,,,,105236279,28218110,0,0,6,816872
07013,2007-06-27,12,17,27,29,34,06,09,,,,,,,,102960707,19897386,0,0,12,83401
07012,2007-06-25,03,12,15,29,34,07,11,,,,,,,,98897389,19740389,1,5000000,7,183907
07011,2007-06-23,29,32,33,34,35,09,10,,,,,,,,99674870,23587919,0,0,3,648189
07010,2007-06-20,06,08,18,29,34,09,11,,,,,,,,94230077,20524711,0,0,4,292239
07009,2007-06-18,01,03,09,19,34,09,12,,,,,,,,89975065,20385607,0,0,7,190700
07008,2007-06-16,02,08,11,21,23,04,07,,,,,,,,85596585,23423679,0,0,8,131766
07007,2007-06-13,14,16,25,26,35,04,09,,,,,,,,82645026,19473159,0,0,6,152469
07006,2007-06-11,01,16,20,23,28,03,06,,,,,,,,80083542,18675368,1,5000000,3,461113
07005,2007-06-09,01,09,19,20,30,02,11,,,,,,,,84210190,21611411,0,0,15,72293
07004,2007-06-06,06,10,16,17,25,02,04,,,,,,,,80930948,17651663,0,0,23,26607
07003,2007-06-04,03,04,18,23,32,01,06,,,,,,,,78904528,15795691,1,5000000,2,317521
07002,2007-06-02,15,22,31,34,35,05,12,,,,,,,,84592975,16832903,1,5000000,3,339746
07001,2007-05-30,22,24,29,31,35,04,11,,,,,,,,89168335,17086781,2,5000000,8,136558
